jurisdiction,booking_charge_desc,seriousness,category,type,notes,rcw,src,,,,,
pierce,ABANDON DEPENDENT SECOND,,class C felony,public order,,9A.42.070,https://app.leg.wa.gov/rcw/default.aspx?cite=9A.42.070,,,,,
pierce,ABANDONMENT DEPENDENT PERSON 3,,gross misdemeanor,public order,,9A.42.080,https://app.leg.wa.gov/rcw/default.aspx?cite=9A.42.080,,,,,
pierce,ABANDONMNT 3,,gross misdemeanor,public order,,9A.42.080,https://app.leg.wa.gov/rcw/default.aspx?cite=9A.42.080,,,,,
pierce,AGG BEG,,misdemeanor,public order,"Lakewood city ordinance, may be unconstiutional?",https://www.cityoflakewood.us/documents/police/crime_prevention_pamphlets_-_english/agressive_begging_brochure.pdf,https://www.cityoflakewood.us/documents/police/crime_prevention_pamphlets_-_english/agressive_begging_brochure.pdf,,,,,
pierce,AGGR MURDER 1,,class A felony,violent,,10.95.020,http://apps.leg.wa.gov/RCW/default.aspx?cite=10.95.020,,,,,
pierce,AGGRESIVE BEGGING,,misdemeanor,public order,,,,,,,,
pierce,AGRESSIVE BEGGING,,misdemeanor,public order,"Lakewood city ordinance, may be unconstiutional?",https://www.cityoflakewood.us/documents/police/crime_prevention_pamphlets_-_english/agressive_begging_brochure.pdf,https://www.cityoflakewood.us/documents/police/crime_prevention_pamphlets_-_english/agressive_begging_brochure.pdf,,,,,
pierce,AIDING/ABETTING VIOLATIONS,,other,other,?,,,,,,,
pierce,AIM/DISCHARGE FIREARM,,gross misdemeanor,violent,public order?,9.41.230,http://app.leg.wa.gov/rcw/default.aspx?cite=9.41.230,,,,,
pierce,ALCOHL IN PARK,,civil infraction,public order,,66.44.100,http://apps.leg.wa.gov/RCW/default.aspx?cite=66.44.100,,,,,
pierce,ALIEN IN POSSESSION OF FIREARM,,class C felony,public order,public order?,9.41.171,https://app.leg.wa.gov/rcw/default.aspx?cite=9.41.171,,,,,
pierce,ALLOW UNAUTH DRIVER,,misdemeanor,public order,,46.16A.520,https://app.leg.wa.gov/rcw/default.aspx?cite=46.16A.520,,,,,
pierce,ALT ID MARKS,,unknown,other,"RCW only refers to exceptions, doesn't list seriousness",9.41.140,https://app.leg.wa.gov/rcw/default.aspx?cite=9.41.140,,,,,
pierce,ALTER ID MARKS ON FIREARM,,unknown,public order,"RCW only refers to exceptions, doesn't list seriousness",9.41.140,https://app.leg.wa.gov/rcw/default.aspx?cite=9.41.140,,,,,
pierce,ALTERATION OR FORGERY,,class B felony,public order,,46.87.260,https://app.leg.wa.gov/rcw/default.aspx?cite=46.87.260,,,,,
pierce,ANIMAL CRUELTY 1 (C),,class C felony,violent,,16.52.205,https://app.leg.wa.gov/rcw/default.aspx?cite=16.52.205,,,,,
pierce,ANIMAL CRUELTY 2,,gross misdemeanor,violent,public order?,16.52.207,https://app.leg.wa.gov/rcw/default.aspx?cite=16.52.207,,,,,
pierce,ANIMAL CRUELTY SECOND DEGREE,,gross misdemeanor,violent,,16.52.207(3),,,,,,
pierce,ANIMALS INJURING HUMANS OR DOMESTIC,,misdemeanor,public order,?,,,,,,,
pierce,ANTI-HARAS /DV,,gross misdemeanor,public order,can be class C felony depending on circumstances,26.50.110,http://app.leg.wa.gov/rcw/default.aspx?cite=26.50.110,,,,,
pierce,ANTI-HARASSMENT ORDER,,gross misdemeanor,public order,can be class C felony depending on circumstances,26.50.110,http://app.leg.wa.gov/rcw/default.aspx?cite=26.50.110,,,,,
pierce,ARSON 1,,class A felony,property,violent?,9A.48.020,https://app.leg.wa.gov/rcw/default.aspx?cite=9A.48.020,,,,,
pierce,ARSON 2,,class B felony,property,,9A.48.030,https://app.leg.wa.gov/rcw/default.aspx?cite=9A.48.030,,,,,
pierce,ASLT 1,,class A felony,violent,,9A.36.011,https://app.leg.wa.gov/rcw/default.aspx?cite=9A.36.011,,,,,
pierce,ASLT 1 / DV,,class A felony,violent,not sure if DV changes seriousness?,9A.36.011,https://app.leg.wa.gov/rcw/default.aspx?cite=9A.36.011,,,,,
pierce,ASLT 2,,class B felony,violent,,9A.36.021,http://apps.leg.wa.gov/rcw/default.aspx?cite=9A.36.021,,,,,
pierce,ASLT 2 -DV,,class B felony,violent,not sure if DV changes seriousness?,9A.36.021,http://apps.leg.wa.gov/rcw/default.aspx?cite=9A.36.021,,,,,
pierce,ASLT 3,,class C felony,violent,,9a.36.031,http://apps.leg.wa.gov/rcw/default.aspx?cite=9a.36.031,,,,,
pierce,ASLT 3 / DV,,class C felony,violent,not sure if DV changes seriousness?,9a.36.031,http://apps.leg.wa.gov/rcw/default.aspx?cite=9a.36.031,,,,,
pierce,ASLT 4,,gross misdemeanor,violent,,9A.36.041,http://apps.leg.wa.gov/rcw/default.aspx?cite=9A.36.041,,,,,
pierce,ASLT 4 W/ SEXUAL MOTIVATION,,class C felony,sex,"""special allegation""?",9.94A.835,http://app.leg.wa.gov/rcw/default.aspx?cite=9.94A.835,,,,,
pierce,ASLT 4/DV - PREVIOUS CONVICTION,,class C felony,violent,,9A.36.041,http://app.leg.wa.gov/rcw/default.aspx?cite=9A.36.041,,,,,
pierce,ASLT CHILD 1ST,,class A felony,violent,,9A.36.120,https://app.leg.wa.gov/rcw/default.aspx?cite=9A.36.120,,,,,
pierce,ASLT CHILD 2ND,,class B felony,violent,,9A.36.130,https://app.leg.wa.gov/rcw/default.aspx?cite=9A.36.130,,,,,
pierce,ASLT CHILD 3RD,,class C felony,violent,,9A.36.140,https://app.leg.wa.gov/rcw/default.aspx?cite=9A.36.140,,,,,
pierce,ASLT POL DOG,,class C felony,violent,,9A.76.200,https://app.leg.wa.gov/rcw/default.aspx?cite=9A.76.200,,,,,
pierce,ASLT/DV,,class C felony,violent,based on assult in 4th degree + dv,9A.36.041,http://app.leg.wa.gov/rcw/default.aspx?cite=9A.36.041,,,,,
pierce,ASLT/DV STRANGULATION,,class C felony,violent,based on assult in 4th degree + dv,9A.36.041,http://app.leg.wa.gov/rcw/default.aspx?cite=9A.36.041,,,,,
pierce,ASLT/VIO NC ORDER,,class C felony,violent,,26.50.110,http://app.leg.wa.gov/rcw/default.aspx?cite=26.50.110,,,,,
pierce,ASSAULT 4 /DV,,class C felony,violent,,9A.36.041,http://app.leg.wa.gov/rcw/default.aspx?cite=9A.36.041,,,,,
pierce,ATT INT CONTRABAND,,class C felony,public order,"based on introducing contraband in the first degree, with criminal attempt modification: https://app.leg.wa.gov/rcw/default.aspx?cite=9A.28.020",9A.76.140,https://app.leg.wa.gov/rcw/default.aspx?cite=9A.76.140,,,,,
pierce,ATT MURDER 1,,class A felony,violent,see criminal attempt RCW,9A.28.020,https://app.leg.wa.gov/rcw/default.aspx?cite=9A.28.020,,,,,
pierce,ATT MURDER 2,,class A felony,violent,see criminal attempt RCW,9A.28.020,https://app.leg.wa.gov/rcw/default.aspx?cite=9A.28.020,,,,,
pierce,ATT UNL IMPRIS/DV,,gross misdemeanor,violent,based on unlawful imprisonment with criminal attempt modifier,9A.40.040,https://app.leg.wa.gov/rcw/default.aspx?cite=9A.40.040,,,,,
pierce,ATTEMPTED TAMPER WITH A WITNESS/DV,,class C felony,public order,,9A.72.120,http://app.leg.wa.gov/rcw/default.aspx?cite=9A.72.120,,,,,
pierce,AUTO THFT TOOLS,,gross misdemeanor,property,,9A.56.063,https://app.leg.wa.gov/rcw/default.aspx?cite=9A.56.063,,,,,
pierce,BAIL JUMP,,other,public order,depends on crime person jumped bail for,9A.76.170,https://app.leg.wa.gov/rcw/default.aspx?cite=9A.76.170,,,,,
pierce,BAIL JUMPING,,other,public order,depends on crime person jumped bail for,9A.76.170,https://app.leg.wa.gov/rcw/default.aspx?cite=9A.76.170,,,,,
pierce,BRIBERY,,class B felony,public order,,9A.56.120,,,,,,
pierce,BUNCO,,class B felony,public order,,9.47.120,https://app.leg.wa.gov/rcw/default.aspx?cite=9.47.120,,,,,
pierce,BURGLARY 1,,class A felony,property,,9A.52.020,https://app.leg.wa.gov/rcw/default.aspx?cite=9A.52.020,,,,,
pierce,BURGLARY 2,,class B felony,property,,9a.52.030,http://apps.leg.wa.gov/rcw/default.aspx?cite=9a.52.030,,,,,
pierce,BUSINESS LIC VIOL,,misdemeanor,public order,depends on kind of business?,,,,,,,
pierce,BUY/SELL VEH W/ALT SERIAL NUMBER,,gross misdemeanor,public order,,46.12.720,https://app.leg.wa.gov/rcw/default.aspx?cite=46.12.720,,,,,
pierce,CARRY CONCEALED WPN W/O PERMIT,,civil infraction,public order,?,9.41.050,http://app.leg.wa.gov/rcw/default.aspx?cite=9.41.050,,,,,
pierce,CARRYDANGWPNKNIFE,,gross misdemeanor,public order,,9.41.250,https://app.leg.wa.gov/rcw/default.aspx?cite=9.41.250,,,,,
pierce,CARRYING A FIREARM - NO PERMIT,,civil infraction,public order,?,9.41.050,http://app.leg.wa.gov/rcw/default.aspx?cite=9.41.050,,,,,
pierce,CCW,,civil infraction,public order,?,9.41.050,http://app.leg.wa.gov/rcw/default.aspx?cite=9.41.050,,,,,
pierce,CCW W/O PERMIT,,civil infraction,public order,?,9.41.050,http://app.leg.wa.gov/rcw/default.aspx?cite=9.41.050,,,,,
pierce,CHILD MOLEST 1,,class A felony,sex,,9A.44.083,https://app.leg.wa.gov/rcw/default.aspx?cite=9A.44.083,,,,,
pierce,CHILD MOLEST 2,,class B felony,sex,,9A.44.086,https://app.leg.wa.gov/rcw/default.aspx?cite=9A.44.086,,,,,
pierce,CHILD MOLEST 3,,class C felony,sex,,9A.44.089,https://app.leg.wa.gov/rcw/default.aspx?cite=9A.44.089,,,,,
pierce,CHILD RAPE 1,,class A felony,sex,,9A.44.073.,http://apps.leg.wa.gov/rcw/default.aspx?cite=9A.44.073.,,,,,
pierce,CHILD RAPE 2,,class A felony,sex,,9a.44.076,http://apps.leg.wa.gov/rcw/default.aspx?cite=9a.44.076,,,,,
pierce,CHILD RAPE 3,,class C felony,sex,,9a.44.079,http://apps.leg.wa.gov/rcw/default.aspx?cite=9a.44.079,,,,,
pierce,CHILD UNATT IN VEH/LIQ EST,,misdemeanor,public order,,46.61.687,https://app.leg.wa.gov/rcw/default.aspx?cite=46.61.685,,,,,
pierce,CIVIL CNTMPT OF CRT,,misdemeanor,public order,up to judge,7.21,http://apps.leg.wa.gov/RCW/default.aspx?cite=7.21&full=true,,,,,
pierce,CIVIL DRG CRT VIOL,,misdemeanor,public order,?,,,,,,,
pierce,CIVIL FAMILY COURT,,misdemeanor,public order,?,,,,,,,
pierce,COERCION,,gross misdemeanor,public order,,9A.36.070,https://app.leg.wa.gov/rcw/default.aspx?cite=9A.36.070,,,,,
pierce,COM. W/MINOR FOR IMMORAL PURPOSE,,gross misdemeanor,sex,can be felony if previous sexual offender,9.68a.090,http://apps.leg.wa.gov/rcw/default.aspx?cite=9.68a.090,,,,,
pierce,COMM CUSTODY JAIL,,other,other,other?,,,,,,,
pierce,COMM LIC REQUIRED,,other,public order,fine?,19.28.131,http://app.leg.wa.gov/RCW/default.aspx?cite=19.28.131,,,,,
pierce,COMM MINOR IMM,,gross misdemeanor,sex,can be felony if previous sexual offender,9.68a.090,http://apps.leg.wa.gov/rcw/default.aspx?cite=9.68a.090,,,,,
pierce,COMM W/MINOR FOR IMMORAL PURPOSE,,gross misdemeanor,sex,can be felony if previous sexual offender,9.68a.090,http://apps.leg.wa.gov/rcw/default.aspx?cite=9.68a.090,,,,,
pierce,COMMSEXABUSEMINOR,,class B felony,sex,,9.68A.100,http://app.leg.wa.gov/rcw/default.aspx?cite=9.68A.100,,,,,
pierce,COMPLICITY-AID/ABET,,other,other,may depend on crime being aided?,http://apps.leg.wa.gov/wac/default.aspx?cite=137-25-030,http://apps.leg.wa.gov/wac/default.aspx?cite=137-25-030,,,,,
pierce,CONDUCT ACTIVITY W/O LICENSE,,class B felony,public order,,,,,,,,
pierce,CONFINE AND IDENT. DANGEROUS DOG,,gross misdemeanor,public order,?,16.08.100,http://app.leg.wa.gov/RCW/default.aspx?cite=16.08.100,,,,,
pierce,CONSP COM MURDER,,class A felony,violent,,9A.28.040,https://app.leg.wa.gov/rcw/default.aspx?cite=9A.28.040,,,,,
pierce,CONSP COMM PERJ 1,,class C felony,public order,,,,,,,,
pierce,CONSP DEL CS,,class C felony,drug,felony,,,,,,,
pierce,CONSUMER FRAUD TARGETING SENIORS,,civil infraction,public order,,9.35.060,http://app.leg.wa.gov/RCW/default.aspx?cite=9.35.060,,,,,
pierce,CONTEMPT - TRUANCY CRT ORD,,misdemeanor,public order,?,,,,,,,
pierce,CONTEMPT OF COURT,,misdemeanor,public order,fines,7.21,http://app.leg.wa.gov/rcw/default.aspx?cite=7.21&full=true,,,,,
pierce,CONTEMPT-TRUANCY CRT ORDER,,misdemeanor,public order,?,,,,,,,
pierce,CONTRIB DELIQUENCY MINOR,,misdemeanor,public order,"? misdemeanor in Grandview, WA: http://www.codepublishing.com/WA/Grandview/html/Grandview09/Grandview0932.html",,,,,,,
pierce,CONTROLLED SUBSTANCES HOMICIDE,,class B felony,drug,,69.50.415,https://app.leg.wa.gov/rcw/default.aspx?cite=69.50.415,,,,,
pierce,COUNTERFEITING,,misdemeanor,property,can be gross misdemeanor or class C felony,9.16.035,https://app.leg.wa.gov/rcw/default.aspx?cite=9.16.035,,,,,
pierce,COURT ORDER VIOLATION,,misdemeanor,public order,?,,,,,,,
pierce,CRIM ASLT /DV,,class C felony,violent,based on assult in 4th degree + dv,9A.36.041,http://app.leg.wa.gov/rcw/default.aspx?cite=9A.36.041,,,,,
pierce,CRIM CONSPIRACY,,other,other,depends on nature of crime,9A.28.040,https://app.leg.wa.gov/rcw/default.aspx?cite=9A.28.040,,,,,
pierce,CRIM IMPERSON 1,,class C felony,public order,,9A.60.040,https://app.leg.wa.gov/rcw/default.aspx?cite=9A.60.040,,,,,
pierce,CRIM IMPERSON 2,,gross misdemeanor,public order,,9A.60.045,https://app.leg.wa.gov/rcw/default.aspx?cite=9A.60.045,,,,,
pierce,CRIM MISCHIEF WITH A DEADLY WEAPON,,class C felony,violent,,9A.84.010,https://app.leg.wa.gov/rcw/default.aspx?cite=9A.84.010,,,,,
pierce,CRIM MISTREAT 1,,class B felony,violent,,9A.42.020,https://app.leg.wa.gov/rcw/default.aspx?cite=9A.42.020,,,,,
pierce,CRIM MISTREAT 2,,class C felony,violent,,9A.42.030,https://app.leg.wa.gov/rcw/default.aspx?cite=9A.42.030,,,,,
pierce,CRIM MISTREAT 3,,gross misdemeanor,violent,,9A.42.035,https://app.leg.wa.gov/rcw/default.aspx?cite=9A.42.035,,,,,
pierce,CRIM MISTREAT 4,,misdemeanor,violent,,9A.42.037,https://app.leg.wa.gov/rcw/default.aspx?cite=9A.42.037,,,,,
pierce,CRIM TRESP,,gross misdemeanor,property,,,,,,,,
pierce,CRIM TRESP /DV,,gross misdemeanor,property,,,,,,,,
pierce,CRIM TRESP 1,,gross misdemeanor,property,,9A.52.070,http://apps.leg.wa.gov/RCW/default.aspx?cite=9A.52.070,,,,,
pierce,CRIM TRESP 1 /DV,,gross misdemeanor,property,,9A.52.070,http://apps.leg.wa.gov/RCW/default.aspx?cite=9A.52.070,,,,,
pierce,CRIM TRESP 2,,misdemeanor,property,,9A.52.080,https://app.leg.wa.gov/rcw/default.aspx?cite=9A.52.080,,,,,
pierce,CRIM TRSP 1 /DV,,gross misdemeanor,property,,9A.52.070,http://apps.leg.wa.gov/RCW/default.aspx?cite=9A.52.070,,,,,
pierce,CRIM TRSP 2 /DV,,misdemeanor,property,,9A.52.080,https://app.leg.wa.gov/rcw/default.aspx?cite=9A.52.080,,,,,
pierce,CRIMINAL ASLT,,gross misdemeanor,violent,not sure what to do with these general versions of other crimes,,,,,,,
pierce,CRIMINAL ASSAULT-DV,,class C felony,violent,not sure what to do with these general versions of other crimes,,,,,,,
pierce,CRIMINAL ATTEMPT,,other,other,depends on nature of crime,9A.28.040,https://app.leg.wa.gov/rcw/default.aspx?cite=9A.28.040,,,,,
pierce,CRIMINAL CONSPIRACY,,other,other,depends on nature of crime,9A.28.040,https://app.leg.wa.gov/rcw/default.aspx?cite=9A.28.040,,,,,
pierce,CRIMINAL SOLICITATION,,other,other,see criminal attempt,9A.28.040,https://app.leg.wa.gov/rcw/default.aspx?cite=9A.28.040,,,,,
pierce,CUST ASLT,,class C felony,violent,,9A.36.100,https://app.leg.wa.gov/rcw/default.aspx?cite=9A.36.100,,,,,
pierce,CUST INTER,,class C felony,violent,based on custodial interference 1,9A.40.060,https://app.leg.wa.gov/rcw/default.aspx?cite=9A.40.060,,,,,
pierce,CYBERSTALKING,,gross misdemeanor,public order,can be class C felony,9.61.260,https://app.leg.wa.gov/rcw/default.aspx?cite=9.61.260,,,,,
pierce,DAMAGE FIRE ALARM,,misdemeanor,public order,,9.40.100,https://app.leg.wa.gov/rcw/default.aspx?cite=9.40.100,,,,,
pierce,DANGWPNSCHOOL,,gross misdemeanor,public order,,9.41.280,http://apps.leg.wa.gov/rcw/default.aspx?cite=9.41.280,,,,,
pierce,DATES AND TIMES TO SELL FIREWORKS,,misdemeanor,public order,,70.77#70.77.540,https://app.leg.wa.gov/rcw/default.aspx?cite=70.77&full=true#70.77.540,,,,,
pierce,DEAL DEP MIN ENG SEX EXP CONDUCT,,class B felony,sex,,9.68a#9.68A.050,http://app.leg.wa.gov/rcw/default.aspx?cite=9.68a&full=true#9.68A.050,,,,,
pierce,DEFR INNKPR,,class B felony,public order,,19.48.110,http://app.leg.wa.gov/rcw/default.aspx?cite=19.48.110,,,,,
pierce,DEFR PUB UTILITY,,class B felony,public order,based on first degree,9A.61.030,http://app.leg.wa.gov/rcw/default.aspx?cite=9a.61&full=true,,,,,
pierce,DEFRAUD INNKEEPER,,class B felony,public order,,19.48.110,http://app.leg.wa.gov/rcw/default.aspx?cite=19.48.110,,,,,
pierce,DELIVER FIREARM TO INELIGIBLE PERSON,,class C felony,public order,,9.41.080,http://app.leg.wa.gov/rcw/default.aspx?cite=9.41.080,,,,,
pierce,DEST PROP /DV,,gross misdemeanor,public order,"? malicious mischief refers to property damage, but 3 levels",,,,,,,
pierce,DEST PROPERTY,,gross misdemeanor,public order,"? malicious mischief refers to property damage, but 3 levels",,,,,,,
pierce,DESTROY VEH - FL SURR TITLE,,gross misdemeanor,property,,46.12.600,https://app.leg.wa.gov/rcw/default.aspx?cite=46.12.600,,,,,
pierce,DESTRUCTION OF EVIDENCE,,class C felony,public order,,33.36.060,https://app.leg.wa.gov/rcw/default.aspx?cite=33.36.060,,,,,
pierce,DESTRUCTION OF PROP,,gross misdemeanor,public order,"? malicious mischief refers to property damage, but 3 levels",,,,,,,
pierce,DESTRUCTION OF PROPERTY,,gross misdemeanor,public order,"? malicious mischief refers to property damage, but 3 levels",,,,,,,
pierce,Direct Dog to Harass/Attack Pub. Off,,gross misdemeanor,public order,assualt 3?,16.08,http://app.leg.wa.gov/rcw/default.aspx?cite=16.08&full=true,,,,,
pierce,DISARMING P.O.,,class C felony,public order,,9A.76.023,https://app.leg.wa.gov/rcw/default.aspx?cite=9A.76.023,,,,,
pierce,DISCH FIREARM,,gross misdemeanor,public order,,9.41.230,http://app.leg.wa.gov/rcw/default.aspx?cite=9.41.230,,,,,
pierce,DISCH FIRWORK,,gross misdemeanor,public order,,70.77.488,https://app.leg.wa.gov/rcw/default.aspx?cite=70.77.488,,,,,
pierce,DISCHARGE OF FIREARMS PROHIBITED,,gross misdemeanor,public order,,9.41.230,http://app.leg.wa.gov/rcw/default.aspx?cite=9.41.230,,,,,
pierce,DISCLOSING INTIMATE IMAGES,,gross misdemeanor,public order,,9A.86.010(1),,,,,,
pierce,DISO PERS,,misdemeanor,public order,,9A.84.030,https://app.leg.wa.gov/rcw/default.aspx?cite=9A.84.030,,,,,
pierce,DISO PERS/CONDUCT,,misdemeanor,public order,,9A.84.030,https://app.leg.wa.gov/rcw/default.aspx?cite=9A.84.030,,,,,
pierce,DISORDERLY CONDUCT,,misdemeanor,public order,,9A.84.030,https://app.leg.wa.gov/rcw/default.aspx?cite=9A.84.030,,,,,
pierce,DISORDERLY CONDUCT(SIP),,misdemeanor,public order,,9A.84.030,https://app.leg.wa.gov/rcw/default.aspx?cite=9A.84.030,,,,,
pierce,DISPLAY WEAPON,,gross misdemeanor,public order,,9.41.270,http://apps.leg.wa.gov/RCW/default.aspx?cite=9.41.270,,,,,
pierce,DIST PEACE,,misdemeanor,public order,disorderly conduct,9A.84.030,http://apps.leg.wa.gov/rcw/default.aspx?cite=9A.84.030,,,,,
pierce,DIST TABACCO W/O LICENSE,,class C felony,public order,,82.26.190,http://app.leg.wa.gov/rcw/default.aspx?cite=82.26.190,,,,,
pierce,DISTRIBUTE CHILD PORN,,class B felony,sex,,9.68A.060,http://app.leg.wa.gov/rcw/default.aspx?cite=9.68a&full=true,,,,,
pierce,DRIVE BY SHOOTING,,class B felony,violent,,9A.36.045,http://app.leg.wa.gov/rcw/default.aspx?cite=9A.36.045,,,,,
pierce,DRIVE W/LIC SUSPENDED/REVOKED,,gross misdemeanor,public order,can by gross misdemeanor,46.20.342,http://app.leg.wa.gov/rcw/default.aspx?cite=46.20.342,,,,,
pierce,DRIVING W/SUSPENDED VEH REGISTRATIO,,gross misdemeanor,public order,,,,,,,,
pierce,DRIVING WITHOUT A LICENSE,,misdemeanor,public order,,,,,,,,
pierce,DRUG LOITERING PROHIBITED,,misdemeanor,public order,Pierce Co citing RCW,http://www.codepublishing.com/WA/PierceCounty/html/PierceCounty09/PierceCounty0920.html#9.20.040,http://www.codepublishing.com/WA/PierceCounty/html/PierceCounty09/PierceCounty0920.html#9.20.040,,,,,
pierce,DRUG PARA,,misdemeanor,drug,,69.50.412,https://app.leg.wa.gov/rcw/default.aspx?cite=69.50.412,,,,,
pierce,DUI W/ PRIOR CONVICTION,,class B felony,public order,drug?,46.61.502,http://app.leg.wa.gov/rcw/default.aspx?cite=46.61.502,,,,,
pierce,DUI WITH PRIOR CONVICTION,,class B felony,public order,drug?,46.61.502,http://app.leg.wa.gov/rcw/default.aspx?cite=46.61.502,,,,,
pierce,DUTY IF INJURY OCCURS - VEH ACC,,class C felony,public order,,46.52.020,https://app.leg.wa.gov/rcw/default.aspx?cite=46.52.020,,,,,
pierce,DUTY IN CASE OF DEATH - VEH ACC,,class B felony,public order,,46.52.020,https://app.leg.wa.gov/rcw/default.aspx?cite=46.52.020,,,,,
pierce,DUTY ON STRIKING PROPERTY,,misdemeanor,public order,,46.52.010,https://app.leg.wa.gov/rcw/default.aspx?cite=46.52.010,,,,,
pierce,DUTY TO OBEY LAW ENFORCEMENT OFC,,misdemeanor,public order,,46.61.022,https://app.leg.wa.gov/rcw/default.aspx?cite=46.61.022,,,,,
pierce,DV CT ORD VIO 2X CONVICTIONS,,class C felony,public order,,26.50.110,http://app.leg.wa.gov/rcw/default.aspx?cite=26.50.110,,,,,
pierce,DWI,,gross misdemeanor,public order,,46.61.502,http://app.leg.wa.gov/rcw/default.aspx?cite=46.61.502,,,,,
pierce,DWLS/DWLR,,misdemeanor,public order,can by gross misdemeanor,46.20.342,http://app.leg.wa.gov/rcw/default.aspx?cite=46.20.342,,,,,
pierce,DWLS/R 1ST/2ND,,gross misdemeanor,public order,,46.20.342,http://app.leg.wa.gov/rcw/default.aspx?cite=46.20.342,,,,,
pierce,ENDANG W/CONTR SUB,,class B felony,drug,,9A.42.100,https://app.leg.wa.gov/rcw/default.aspx?cite=9A.42.100,,,,,
pierce,ENTRY ERROR,,other,other,,,,,,,,
pierce,ESCAPE 1,,class B felony,public order,,9A.76.110,https://app.leg.wa.gov/rcw/default.aspx?cite=9A.76.110,,,,,
pierce,ESCAPE 2,,class C felony,public order,,9A.76.120,http://app.leg.wa.gov/rcw/default.aspx?cite=9A.76.120,,,,,
pierce,ESCAPE 3,,misdemeanor,public order,can be gross misdemeanor or class C felony if priors,9A.76.130,https://app.leg.wa.gov/rcw/default.aspx?cite=9A.76.130,,,,,
pierce,ESCAPE COMMUNITY CUSTODY,,class C felony,public order,,72.09.310,https://app.leg.wa.gov/rcw/default.aspx?cite=72.09.310,,,,,
pierce,ESCAPE FROM CUSTODY,,class C felony,public order,"same as Escape 1-3, could also be class B",9A.76.110,https://app.leg.wa.gov/rcw/default.aspx?cite=9A.76.110,,,,,
pierce,EXPOSE MINOR TO DV,,gross misdemeanor,public order,Auburn WA Statute ,http://www.codepublishing.com/WA/Auburn/html/Auburn09/Auburn0926.html,http://www.codepublishing.com/WA/Auburn/html/Auburn09/Auburn0926.html,,,,,
pierce,EXTOR 1,,class B felony,violent,,9A.56.120,https://app.leg.wa.gov/rcw/default.aspx?cite=9A.56.120,,,,,
pierce,EXTOR 2,,class C felony,violent,,9A.56.130,https://app.leg.wa.gov/rcw/default.aspx?cite=9A.56.130,,,,,
pierce,FAIL REGIS S/O,,class C felony,public order,,9A.44.132,http://app.leg.wa.gov/rcw/default.aspx?cite=9A.44.132,,,,,
pierce,FAIL RTN W/R,,unknown,public order,unable to figure out what w/r is after the failure to return ,,,,,,,
pierce,FAIL TO CARRY C/S IN ORIG CONTAINER,,gross misdemeanor,drug,not sure,69.5,http://app.leg.wa.gov/RCW/default.aspx?cite=69.50&full=true,,,,,
pierce,FAIL TO COMPLY,,misdemeanor,public order,assumed this was complying w/ Police Officer ,46.61.022,https://app.leg.wa.gov/rcw/default.aspx?cite=46.61.022,,,,,
pierce,FAIL TO DISPERSE,,misdemeanor,public order,,9A.84.020,https://app.leg.wa.gov/rcw/default.aspx?cite=9A.84.020,,,,,
pierce,FAIL TO OBEY,,misdemeanor,public order,asame as failure to comply,46.61.022,https://app.leg.wa.gov/rcw/default.aspx?cite=46.61.022,,,,,
pierce,FAIL TO SECURE LOAD,,gross misdemeanor,public order,"1st degree is gross misdemeanor, 2nd degree is just misdemeanor",46.61.655,https://app.leg.wa.gov/rcw/default.aspx?cite=46.61.655,,,,,
pierce,FAIL TO STOP AND GIVE INFO,,misdemeanor,public order,contained within failure to obey/comply,46.61.022,https://app.leg.wa.gov/rcw/default.aspx?cite=46.61.022,,,,,
pierce,FAIL TO SURRENDER LICENSE TO DOL,,misdemeanor,public order,,46.29.610,https://app.leg.wa.gov/rcw/default.aspx?cite=46.29.610,,,,,
pierce,FAIL TRANS TITLE W/I 45 DYS,,misdemeanor,public order,,https://caselaw.findlaw.com/wa-supreme-court/1389351.html,https://caselaw.findlaw.com/wa-supreme-court/1389351.html,,,,,
pierce,FAIL YLD EMERG VEH,,gross misdemeanor,public order,,46.61.212,https://app.leg.wa.gov/rcw/default.aspx?cite=46.61.212,,,,,
pierce,FAILURE TO HAVE IGNITION INTERLOCK,,gross misdemeanor,public order,,46.20.740,http://app.leg.wa.gov/rcw/default.aspx?cite=46.20.740,,,,,
pierce,FAILURE TO INITIALLY REGISTER VEHICLE,,civil infraction,public order,only a misdemeanor if the person registered car in other state to avoid fees ,46.16A.030,http://app.leg.wa.gov/rcw/default.aspx?cite=46.16A.030,,,,,
pierce,FAILURE TO OBEY FLAGMAN,,misdemeanor,public order,,46.61.015,https://app.leg.wa.gov/rcw/default.aspx?cite=46.61.015,,,,,
pierce,FAILURE TO OBEY POLICE,,misdemeanor,public order,same as above,46.61.015,https://app.leg.wa.gov/rcw/default.aspx?cite=46.61.015,,,,,
pierce,FALSE FIRE ALARM,,misdemeanor,public order,,9.40.100,https://app.leg.wa.gov/rcw/default.aspx?cite=9.40.100,,,,,
pierce,FALSE IDENTIFICAITON,,misdemeanor,public order,,46.20.0921,https://app.leg.wa.gov/rcw/default.aspx?cite=46.20.0921,,,,,
pierce,FALSE IDENTIFICATION,,misdemeanor,public order,,46.20.0921,https://app.leg.wa.gov/rcw/default.aspx?cite=46.20.0921,,,,,
pierce,FALSE INFO,,gross misdemeanor,public order,,77.15.270,http://apps.leg.wa.gov/rcw/default.aspx?cite=77.15.270,,,,,
pierce,FALSE INS CLAIM,,gross misdemeanor,public order,if claim is above $1500 it is class C felony ,48.30.230,https://app.leg.wa.gov/rcw/default.aspx?cite=48.30.230,,,,,
pierce,FALSE REPORT,,gross misdemeanor,public order,,9A.84.040,https://app.leg.wa.gov/rcw/default.aspx?cite=9A.84.040,,,,,
pierce,FALSE REPORT OF CRIME,,gross misdemeanor,public order,,9A.84.040,https://app.leg.wa.gov/rcw/default.aspx?cite=9A.84.040,,,,,
pierce,FALSE RPT,,gross misdemeanor,public order,,9A.84.040,https://app.leg.wa.gov/rcw/default.aspx?cite=9A.84.040,,,,,
pierce,FALSE STATEMENT TO PUB SERVANT,,gross misdemeanor,public order,,9A.76.175,https://app.leg.wa.gov/rcw/default.aspx?cite=9A.76.175,,,,,
pierce,FALSE/FLIPPING PLATE,,gross misdemeanor,public order,,46.37.685,https://app.leg.wa.gov/rcw/default.aspx?cite=46.37.685,,,,,
pierce,FAMILY ABANDONMENT,,class C felony,public order,,26.20.030,https://app.leg.wa.gov/rcw/default.aspx?cite=26.20.030,,,,,
pierce,FEL DV CRT ORD VIO,,class C felony,violent,felony assumes prior convictions of individual or violent intent of violation ,26.50.110,http://app.leg.wa.gov/rcw/default.aspx?cite=26.50.110,,,,,
pierce,FEL HARASS (NON DV),,class C felony,violent,,9a.46.020,http://apps.leg.wa.gov/RCW/default.aspx?cite=9a.46.020,,,,,
pierce,"FEL HARASS-DV, DV-THREATS/DEATH THRT",,class C felony,violent,,9a.46.020,http://apps.leg.wa.gov/RCW/default.aspx?cite=9a.46.020,,,,,
pierce,FEL POS F/A,,class B felony,public order,,9.41.040,http://app.leg.wa.gov/rcw/default.aspx?cite=9.41.040,,,,,
pierce,FEL POSS DANGEROUS WEAPON,,gross misdemeanor,public order,RCW says this would be a gross misdemeanor but the charge name implies felony ,9.41.040,http://app.leg.wa.gov/rcw/default.aspx?cite=9.41.040,,,,,
pierce,FEL POSS F/A 2,,class C felony,public order,,9.41.040,http://app.leg.wa.gov/rcw/default.aspx?cite=9.41.040,,,,,
pierce,FEL PUR/ELUDE,,class C felony,public order,,46.61.024,https://app.leg.wa.gov/rcw/default.aspx?cite=46.61.024,,,,,
pierce,FEL VEHICLE PROWL,,class C felony,property,,9A.52.095,https://app.leg.wa.gov/rcw/default.aspx?cite=9A.52.095,,,,,
pierce,FELONY DUI,,class B felony,public order,felony DUI only triggered by other actions/descriptors of the DUI,46.61.502,http://app.leg.wa.gov/rcw/default.aspx?cite=46.61.502,,,,,
pierce,FELONY STALKING,,class B felony,violent,,9a.46.110,http://apps.leg.wa.gov/rcw/default.aspx?cite=9a.46.110,,,,,
pierce,FIGHT IN PUB,,misdemeanor,violent,assume its covered under misdemeanor disorderly conduct but unclear,9A.84.030,https://app.leg.wa.gov/rcw/default.aspx?cite=9A.84.030,,,,,
pierce,FINANCIAL FRAUD-UNL POSS PROD/INST,,class C felony,public order,,9A.56.320,https://app.leg.wa.gov/rcw/default.aspx?cite=9A.56.320,,,,,
pierce,FIREALARM/EQUIPMENT TAMPERING,,misdemeanor,public order,,9.40.100,https://app.leg.wa.gov/rcw/default.aspx?cite=9.40.100,,,,,
pierce,FIREARM SALE/TRANSFER VIOLATION,,gross misdemeanor,public order,Class C felony w/ prior conviction,9.41.115,https://app.leg.wa.gov/rcw/default.aspx?cite=9.41.115,,,,,
pierce,FIREWORKS PROHIBITED,,civil infraction,public order,penalties found in WAC not RCW,http://app.leg.wa.gov/wac/default.aspx?cite=212-17-515,http://app.leg.wa.gov/wac/default.aspx?cite=212-17-515,,,,,https://app.leg.wa.gov/rcw/default.aspx?cite=70.77.401
pierce,FLD TO OBEY POLICE OFFICER,,misdemeanor,public order,,46.61.022,https://app.leg.wa.gov/rcw/default.aspx?cite=46.61.022,,,,,
pierce,FOOD STAMPS-TRAFFICKING,,class C felony,public order,gross misdemeanor if stamp value <$100,9.91.142,https://app.leg.wa.gov/rcw/default.aspx?cite=9.91.142,,,,,
pierce,FORGERY,,class C felony,public order,,9A.60.020,https://app.leg.wa.gov/rcw/default.aspx?cite=9A.60.020,,,,,
pierce,FTR ACC (INJ),,class C felony,public order,FTR seems to = failure to respond ,,,,,,,
pierce,FTR ACC (PROP),,gross misdemeanor,public order,,,,,,,,
pierce,FTR INJ ACC,,class C felony,public order,,,,,,,,
pierce,FUGITIVE,,other,other,,,,,,,,
pierce,FURNISH ALCOHOL TO A MINOR,,gross misdemeanor,public order,,66.44.270,http://apps.leg.wa.gov/rcw/default.aspx?cite=66.44.270,,,,,
pierce,GRAFFITI POSSESS WITH INTENT,,gross misdemeanor,public order,considered malicious mischief,9A.48.090.2C%20GRAFFITI,http://app.leg.wa.gov/RCW/default.aspx?cite=9A.48.090.2C%20GRAFFITI,,,,,
pierce,GRAFFITI VANDALISM,,gross misdemeanor,public order,considered malicious mischief,9A.48.090.2C%20GRAFFITI,http://app.leg.wa.gov/RCW/default.aspx?cite=9A.48.090.2C%20GRAFFITI,,,,,
pierce,HAB OFFENDER,,other,public order,,46.65.010,http://app.leg.wa.gov/RCW/default.aspx?cite=46.65.010,,,,,http://app.leg.wa.gov/rcw/default.aspx?cite=46.65.020
pierce,HARASS  /DV,,class C felony,violent,,9a.46.020,http://apps.leg.wa.gov/RCW/default.aspx?cite=9a.46.020,,,,,
pierce,HARASS-THREAT PROP DAMAGE,,class C felony,violent,,9a.46.020,http://apps.leg.wa.gov/RCW/default.aspx?cite=9a.46.020,,,,,
pierce,HARASS/THREATEN BOD. INJ,,class C felony,violent,,9a.46.020,http://apps.leg.wa.gov/RCW/default.aspx?cite=9a.46.020,,,,,
pierce,HARASSMENT,,class C felony,violent,,9a.46.020,http://apps.leg.wa.gov/RCW/default.aspx?cite=9a.46.020,,,,,
pierce,HARASSMENT - THREATEN MAL ACT,,class C felony,violent,,9a.46.020,http://apps.leg.wa.gov/RCW/default.aspx?cite=9a.46.020,,,,,
pierce,HARASSMENT /DV,,class C felony,violent,,9a.46.020,http://apps.leg.wa.gov/RCW/default.aspx?cite=9a.46.020,,,,,
pierce,HARASSMENT W/EXPLOSIVES,,class C felony,violent,,70.74.275,https://app.leg.wa.gov/rcw/default.aspx?cite=70.74.275,,,,,
pierce,HARASSMENT-THREATEN BODILY INJURY,,class C felony,violent,,9a.46.020,http://apps.leg.wa.gov/RCW/default.aspx?cite=9a.46.020,,,,,
pierce,HEALTH PROFESS. UNLICENSED PRACTICE,,gross misdemeanor,public order,,18.130.190,,,,,,
pierce,HIT/RUN ATT,,gross misdemeanor,public order,,46.52.020,https://app.leg.wa.gov/rcw/default.aspx?cite=46.52.020,,,,,
pierce,HIT/RUN ATTND-DAMAGE ONLY,,gross misdemeanor,property,,46.52.020,https://app.leg.wa.gov/rcw/default.aspx?cite=46.52.020,,,,,
pierce,HIT/RUN PED,,class C felony,public order,,46.52.020,https://app.leg.wa.gov/rcw/default.aspx?cite=46.52.020,,,,,
pierce,HIT/RUN UNATT,,misdemeanor,property,,46.52.010,https://app.leg.wa.gov/rcw/default.aspx?cite=46.52.010,,,,,
pierce,HOLD - ORDER OF RETRN,,other,other,,,,,,,,
pierce,HOLD AFP (ARMY),,other,other,,,,,,,,
pierce,HOLD AT&F,,other,other,,,,,,,,
pierce,HOLD COMM CUSTODY,,other,other,,,,,,,,
pierce,HOLD DEA,,other,other,,,,,,,,
pierce,HOLD FBI,,other,other,,,,,,,,
pierce,HOLD IMMIGRAT,,other,other,,,,,,,,
pierce,HOLD MAT WITNESS,,other,other,,,,,,,,
pierce,HOLD MISC,,other,other,,,,,,,,
pierce,HOLD REMANN HALL,,other,other,,,,,,,,
pierce,HOLD US MARSHAL,,other,other,,,,,,,,
pierce,HOLD WSH,,other,other,,,,,,,,
pierce,HOLD WSI,,other,other,,,,,,,,
pierce,HUMAN TRAFFICKING 1,,class A felony,violent,,9a.40.100,http://apps.leg.wa.gov/rcw/default.aspx?cite=9a.40.100,,,,,
pierce,HUMAN TRAFFICKING 2,,class A felony,violent,,9a.40.100,http://apps.leg.wa.gov/rcw/default.aspx?cite=9a.40.100,,,,,
pierce,IDENT THEFT  2,,class C felony,public order,,9.35.020,http://app.leg.wa.gov/rcw/default.aspx?cite=9.35.020,,,,,
pierce,IDENT THFT 1,,class B felony,public order,,9.35.020,http://app.leg.wa.gov/rcw/default.aspx?cite=9.35.020,,,,,
pierce,IDENT THFT 2,,class C felony,public order,,9.35.020,http://app.leg.wa.gov/rcw/default.aspx?cite=9.35.020,,,,,
pierce,IDENTITY THEFT CRIMINAL ATTEMPT,,class C felony,public order,,9.35.020,http://app.leg.wa.gov/rcw/default.aspx?cite=9.35.020,,,,,
pierce,ILL DRUG COND/PARA,,civil infraction,drug,,69.50.4121,https://app.leg.wa.gov/rcw/default.aspx?cite=69.50.4121,,,,,
pierce,ILL DRUG CONDUCT,,civil infraction,drug,,,,,,,,
pierce,ILLEGAL DEPOSIT OF SOLID WASTE(SIP),,misdemeanor,public order,considered civil infraction is waste is between 1ft^3 and 1yd^3,70.95.240,http://app.leg.wa.gov/rcw/default.aspx?cite=70.95.240,,,,,
pierce,ILLEGALLY OBTAIN DISABLED PLACARD,,misdemeanor,public order,,46.19.050,http://app.leg.wa.gov/rcw/default.aspx?cite=46.19.050,,,,,
pierce,IM UPCS W INT,,class B/C felony,drug,class of felony depends on schedule of the drug,69.50.401,http://app.leg.wa.gov/rcw/default.aspx?cite=69.50.401,,,,,
pierce,IMPERSONATE P/O,,gross misdemeanor,public order,,9A.60.045,https://app.leg.wa.gov/rcw/default.aspx?cite=9A.60.045,,,,,
pierce,IMPROPERLY OBTAIN FINANCIAL INFO,,class C felony,public order,,9.35.010,http://apps.leg.wa.gov/RCW/default.aspx?cite=9.35.010,,,,,
pierce,INCEST 1,,class B felony,sex,,9A.64.020.,http://apps.leg.wa.gov/rcw/default.aspx?cite=9A.64.020.,,,,,
pierce,INCEST 2,,class C felony,sex,,9A.64.020.,http://apps.leg.wa.gov/rcw/default.aspx?cite=9A.64.020.,,,,,
pierce,IND COND EXPOS,,misdemeanor,sex,,9A.88.010,http://apps.leg.wa.gov/RCW/default.aspx?cite=9A.88.010,,,,,
pierce,IND COND/EXPOS,,misdemeanor,sex,,9A.88.010,http://apps.leg.wa.gov/RCW/default.aspx?cite=9A.88.010,,,,,
pierce,IND COND/EXPOS TO PER <14,,gross misdemeanor,sex,,9A.88.010,http://apps.leg.wa.gov/RCW/default.aspx?cite=9A.88.010,,,,,
pierce,IND LIB,,class B felony,sex,,9a.44.100,http://app.leg.wa.gov/rcw/default.aspx?cite=9a.44.100,,,,,
pierce,INDECENT EXPOSURE,,misdemeanor,sex,,9A.88.010,http://apps.leg.wa.gov/RCW/default.aspx?cite=9A.88.010,,,,,
pierce,INDECENT LIBERTIES,,class B felony,sex,,9a.44.100,http://app.leg.wa.gov/rcw/default.aspx?cite=9a.44.100,,,,,
pierce,INTERF PO,,gross misdemeanor,public order,,,,,,,,
pierce,INTERF W/REPORT / DV,,gross misdemeanor,public order,,9A.36.150,https://app.leg.wa.gov/rcw/default.aspx?cite=9A.36.150,,,,,
pierce,INTERF WITH STREETS,,misdemeanor,public order,,,,,,,,
pierce,INTERFER. W/HEALTH CARE FACILITY,,gross misdemeanor,public order,,9A.50.030,https://app.leg.wa.gov/rcw/default.aspx?cite=9A.50.030,,,,,
pierce,INTERFERE W/ RPT /DV,,gross misdemeanor,public order,,9A.36.150,https://app.leg.wa.gov/rcw/default.aspx?cite=9A.36.150,,,,,
pierce,INTERFERE W/HEALTH CARE FAC,,gross misdemeanor,public order,,9A.50.030,https://app.leg.wa.gov/rcw/default.aspx?cite=9A.50.030,,,,,
pierce,INTERFERE WITH HEALTH CARE FACILITY,,gross misdemeanor,public order,,9A.50.030,https://app.leg.wa.gov/rcw/default.aspx?cite=9A.50.030,,,,,
pierce,INTIM FIREARM,,gross misdemeanor,violent,,http://www.codepublishing.com/WA/Everett/html/Everett10/Everett1078.html#10.78.020,http://www.codepublishing.com/WA/Everett/html/Everett10/Everett1078.html#10.78.020,,,,,
pierce,INTIM JUDGE (B),,class B felony,violent,,9A.72.160,https://app.leg.wa.gov/rcw/default.aspx?cite=9A.72.160,,,,,
pierce,INTIM PUB SER,,class B felony,violent,,9A.76.180,https://app.leg.wa.gov/rcw/default.aspx?cite=9A.76.180,,,,,
pierce,INTIM PUB SERV,,class B felony,violent,,9A.76.180,https://app.leg.wa.gov/rcw/default.aspx?cite=9A.76.180,,,,,
pierce,INTIM W/ A WEAPON,,gross misdemeanor,violent,,9.41.280,http://apps.leg.wa.gov/RCW/default.aspx?cite=9.41.280,,,,,
pierce,INTIM W/WPN /DV,,gross misdemeanor,violent,,9.41.280,http://apps.leg.wa.gov/RCW/default.aspx?cite=9.41.280,,,,,
pierce,INTIM WEAPON,,gross misdemeanor,violent,,9.41.280,http://apps.leg.wa.gov/RCW/default.aspx?cite=9.41.280,,,,,
pierce,INTIM WITNESS,,class B felony,violent,รท,9A.72.110,https://app.leg.wa.gov/rcw/default.aspx?cite=9A.72.110,,,,,
pierce,INTIM WPN /DV,,gross misdemeanor,violent,,9.41.280,http://apps.leg.wa.gov/RCW/default.aspx?cite=9.41.280,,,,,
pierce,INTRO CONTRA 1,,class B felony,public order,,9A.76.140,https://app.leg.wa.gov/rcw/default.aspx?cite=9A.76.140,,,,,
pierce,INTRO CONTRA 2,,class C felony,public order,,9A.76.150,https://app.leg.wa.gov/rcw/default.aspx?cite=9A.76.150,,,,,
pierce,INTRO CONTRA 3,,misdemeanor,public order,,9A.76.160,https://app.leg.wa.gov/rcw/default.aspx?cite=9A.76.160,,,,,
pierce,INVOLV MINOR IN CS TRANSACTION,,class C felony,drug,,69.50.4015,https://app.leg.wa.gov/rcw/default.aspx?cite=69.50.4015,,,,,
pierce,JUVENILE PAROLE HLD,,other,other,,,,,,,,
pierce,KIDNAPPING 1,,class A felony,violent,,9A.40.020,https://app.leg.wa.gov/rcw/default.aspx?cite=9A.40.020,,,,,
pierce,KIDNAPPING 2,,class B felony,violent,,9A.40.030,http://app.leg.wa.gov/rcw/default.aspx?cite=9A.40.030,,,,,
pierce,LEADING ORGANIZED CRIME/ORG/MANAGE,,class A felony,public order,,9A.82.060,https://app.leg.wa.gov/rcw/default.aspx?cite=9A.82.060,,,,,
pierce,LEAVE CHLD UNATT/CAR,,misdemeanor,public order,,46.61.685,https://app.leg.wa.gov/rcw/default.aspx?cite=46.61.685,,,,,
pierce,LEGEND DRUG- POSS NO PRESC,,misdemeanor,drug,,69.41.030,http://app.leg.wa.gov/rcw/default.aspx?cite=69.41.030,,,,,
pierce,LITTERING,,civil infraction,public order,,70.93.060,http://app.leg.wa.gov/rcw/default.aspx?cite=70.93.060,,,,,
pierce,LITTERING GREATER THAN 1 CU. FT.,,misdemeanor,public order,,70.93.060,http://app.leg.wa.gov/rcw/default.aspx?cite=70.93.060,,,,,
pierce,LOADED GUN IN VEHICLE,,misdemeanor,public order,,77.15.460,https://app.leg.wa.gov/rcw/default.aspx?cite=77.15.460,,,,,
pierce,LOADED PISTOL IN VEH.,,misdemeanor,public order,,9.41.050,http://app.leg.wa.gov/rcw/default.aspx?cite=9.41.050,,,,,
pierce,LOITER FOR PROSTITUTION,,misdemeanor,public order,referenced as an offense but can't find specific charge. would assume its misdemeanor like prostitution charge,13.40.213,http://app.leg.wa.gov/RCW/default.aspx?cite=13.40.213,,,,,
pierce,LPDA,,unknown,other,no idea what this stands for ,,,,,,,
pierce,LURING,,class C felony,violent ,,9A.40.090,http://apps.leg.wa.gov/rcw/default.aspx?cite=9A.40.090,,,,,
pierce,MAIL THEFT,,class C felony,property,,9A.56.370,https://app.leg.wa.gov/rcw/default.aspx?cite=9A.56.370,,,,,
pierce,MAKE POSSESS MTR VEH THFT TOOLS,,gross misdemeanor,property,,9A.56.063,https://app.leg.wa.gov/rcw/default.aspx?cite=9A.56.063,,,,,
pierce,MAKING/POSS OF AUTO THEFT TOOLS,,gross misdemeanor,property,,9A.56.063,https://app.leg.wa.gov/rcw/default.aspx?cite=9A.56.063,,,,,
pierce,MAL EXPLOSION SUBST 2,,class A felony,violent ,felony class depends on degree of charge ,70.74.270,https://app.leg.wa.gov/rcw/default.aspx?cite=70.74.270,,,,,
pierce,MAL HARASS /DV,,class C felony,violent ,,9a.36.080,http://apps.leg.wa.gov/RCW/default.aspx?cite=9a.36.080,,,,,
pierce,MAL HARASSMENT,,class C felony,violent ,,9a.36.080,http://apps.leg.wa.gov/RCW/default.aspx?cite=9a.36.080,,,,,
pierce,MAL MISC 3 /DV,,gross misdemeanor,property,,9A.48.090.2b%20DV,http://app.leg.wa.gov/RCW/default.aspx?cite=9A.48.090.2b%20DV,,,,,
pierce,MAL MISC 3/DV,,gross misdemeanor,property,,9A.48.090.2b%20DV,http://app.leg.wa.gov/RCW/default.aspx?cite=9A.48.090.2b%20DV,,,,,
pierce,MAL MISCH,,class B felony,property,see above degrees for information ,,,,,,,
pierce,MAL MISCH 1,,class B felony,property,,9A.48.070,https://app.leg.wa.gov/rcw/default.aspx?cite=9A.48.070,,,,,
pierce,MAL MISCH 2,,class B felony,property,,9A.48.080,https://app.leg.wa.gov/rcw/default.aspx?cite=9A.48.080,,,,,
pierce,MAL MISCH 2 / DV,,class B felony,property,,9A.48.080,https://app.leg.wa.gov/rcw/default.aspx?cite=9A.48.080,,,,,
pierce,MAL MISCH 3,,gross misdemeanor,property,,9A.48.090.2b%20DV,http://app.leg.wa.gov/RCW/default.aspx?cite=9A.48.090.2b%20DV,,,,,
pierce,MAL MISCH 3 /DV,,gross misdemeanor,property,,9A.48.090.2b%20DV,http://app.leg.wa.gov/RCW/default.aspx?cite=9A.48.090.2b%20DV,,,,,
pierce,MAL PLACEMENT OF EXPLOSIVES,,class A/B felony,violent ,felony class depends on degree of charge ,70.74.270,https://app.leg.wa.gov/rcw/default.aspx?cite=70.74.270,,,,,
pierce,MALICIOUS HARASSMENT,,class C felony,violent ,,9a.36.080,http://apps.leg.wa.gov/RCW/default.aspx?cite=9a.36.080,,,,,
pierce,MALICIOUS INJ TO RAILROAD PROPERTY,,class B felony,property,,81.60.070,,,,,,
pierce,MANSLAUGHTER 1,,class A felony,violent,,9A.32.060,http://apps.leg.wa.gov/RCW/default.aspx?cite=9A.32.060,,,,,
pierce,MANSLAUGHTER 2,,class B felony,violent,,9A.32.060,http://apps.leg.wa.gov/RCW/default.aspx?cite=9A.32.060,,,,,
pierce,MASSAGE LICENSING VIOLATION,,misdemeanor,public order,,18.108.035,,,,,,
pierce,MATERIAL WITNESS - MISD,,other,other,,,,,,,,
pierce,MIN OPER VEH/ALC CONS,,misdemeanor,public order,,46.61.503,http://app.leg.wa.gov/rcw/default.aspx?cite=46.61.503,,,,,
pierce,MINOR EXHIBITING EFFECTS OF ALCOHOL,,gross misdemeanor,public order,,66.44.270,http://apps.leg.wa.gov/rcw/default.aspx?cite=66.44.270,,,,,
pierce,MINOR IN POSSESSION IN PUBLIC,,gross misdemeanor,public order,,66.44.270,http://apps.leg.wa.gov/rcw/default.aspx?cite=66.44.270,,,,,
pierce,MINOR IN POSSESSION OF PISTOL,,misdemeanor,public order,,9.41.060,http://app.leg.wa.gov/RCW/default.aspx?cite=9.41.060,,,,,
pierce,MINOR INTOX IN PUB,,gross misdemeanor,public order,,66.44.270,http://apps.leg.wa.gov/rcw/default.aspx?cite=66.44.270,,,,,
pierce,MINOR OP VEH/ALC CONS,,misdemeanor,public order,,46.61.503,http://app.leg.wa.gov/rcw/default.aspx?cite=46.61.503,,,,,
pierce,MINOR OPER VEH AFTER ALCOHOL CONS,,misdemeanor,public order,,46.61.503,http://app.leg.wa.gov/rcw/default.aspx?cite=46.61.503,,,,,
pierce,MINOR POSS LIQ,,misdemeanor,public order,,46.61.503,http://app.leg.wa.gov/rcw/default.aspx?cite=46.61.503,,,,,
pierce,MINOR REMAIN PUB PLACE/CONS LIQ,,misdemeanor,public order,,46.61.503,http://app.leg.wa.gov/rcw/default.aspx?cite=46.61.503,,,,,
pierce,MONEY LAUNDERING,,class B felony,property,,9A.83.020,,,,,,
pierce,MORTGAGE FRAUD,,class B felony,property,"considered a ""serious level III offense""",19.144.090,https://app.leg.wa.gov/rcw/default.aspx?cite=19.144.090,,,,,
pierce,MTR VEH TRANSFER OF OWNERSHIP VIOL,,misdemeanor,property,I think it might be a class C felony based on the RCW but the charge name is so broad its hard to tell if it fits,46.12.750,https://app.leg.wa.gov/rcw/default.aspx?cite=46.12.750,,,,,
pierce,MURDER 1,,class A felony,violent,,9A.32.030,https://app.leg.wa.gov/rcw/default.aspx?cite=9A.32.030,,,,,
pierce,MURDER 2,,class A felony,violent,,9A.32.050,http://apps.leg.wa.gov/rcw/default.aspx?cite=9A.32.050,,,,,
pierce,NARCOTICS - CONTR SUB,,class C felony,drug,anything other than MJ = B/C felony,,,,,,,
pierce,NEG DRIVING,,misdemeanor,public order,can range from civil infraction to misdemeanor if its 1st or 2nd degree,46.61.525,https://app.leg.wa.gov/rcw/default.aspx?cite=46.61.525,,,,,
pierce,NEG DRIVING 1ST,,misdemeanor,public order,,46.61.5249,http://app.leg.wa.gov/rcw/default.aspx?cite=46.61.5249,,,,,
pierce,NON-SUPPORT,,gross misdemeanor,public order,,26.20.035,https://app.leg.wa.gov/rcw/default.aspx?cite=26.20.035,,,,,
pierce,NVOL,,misdemeanor,public order,?,46.20.005,http://apps.leg.wa.gov/rcw/default.aspx?cite=46.20.005,,,,,
pierce,NVOL W/O ID,,misdemeanor,public order,?,46.20.005,http://apps.leg.wa.gov/rcw/default.aspx?cite=46.20.005,,,,,
pierce,NVOL WITHOUT ID,,misdemeanor,public order,?,46.20.005,http://apps.leg.wa.gov/rcw/default.aspx?cite=46.20.005,,,,,
pierce,OBSCENE LIT,,misdemeanor,public order,,,,,,,,
pierce,OBSCR ID MACHINE,,gross misdemeanor,public order,,9A.56.180,https://app.leg.wa.gov/rcw/default.aspx?cite=9A.56.180,,,,,
pierce,OBSTR PO,,gross misdemeanor,public order,,9A.76.020,https://app.leg.wa.gov/rcw/default.aspx?cite=9A.76.020,,,,,
pierce,OBSTR PO /DV,,gross misdemeanor,public order,,9A.76.020,https://app.leg.wa.gov/rcw/default.aspx?cite=9A.76.020,,,,,
pierce,OBSTR PUB SERV,,misdemeanor,public order,,9.46.195,https://app.leg.wa.gov/rcw/default.aspx?cite=9.46.195,,,,,
pierce,OBSTR-FALSE CHRG/STATEMENTS,,gross misdemeanor,public order,,9A.76.175,https://app.leg.wa.gov/rcw/default.aspx?cite=9A.76.175,,,,,
pierce,OBSTR. PED./TRAFFIC,,misdemeanor,public order,,,,,,,,
pierce,OBSTRUCT /DV,,misdemeanor,public order,,46.20.005,http://apps.leg.wa.gov/rcw/default.aspx?cite=46.20.005,,,,,
pierce,OBTAIN CS BY FRAUD,,class C felony,drug,,69.50.403,https://app.leg.wa.gov/rcw/default.aspx?cite=69.50.403,,,,,
pierce,OFFERING FALSE INSTRUMENT,,class C felony,public order,,40.16.030,https://app.leg.wa.gov/rcw/default.aspx?cite=40.16.030,,,,,
pierce,OPEN ALCOHOLIC CONTAINER,,civil infraction,public order,,46.61.519,http://app.leg.wa.gov/rcw/default.aspx?cite=46.61.519,,,,,
pierce,OPER BOAT WHILE INTOXICATED,,gross misdemeanor,public order,,79A.60.040,http://app.leg.wa.gov/rcw/default.aspx?cite=79A.60.040,,,,,
pierce,OPER VEH W/O IGNITION INTERLOCK DEV,,gross misdemeanor,public order,,46.20.740,http://app.leg.wa.gov/rcw/default.aspx?cite=46.20.740,,,,,
pierce,OPER VEH W/O VAL CERT OF OWNER,,misdemeanor,public order,its illegal but charge not specified,46.12.520,https://app.leg.wa.gov/rcw/default.aspx?cite=46.12.520,,,,,
pierce,OPER VEH. W/O IGNITION INTERLOCK,,gross misdemeanor,public order,,46.20.740,http://app.leg.wa.gov/rcw/default.aspx?cite=46.20.740,,,,,
pierce,OPERATE VEH W/O IGN INTERLOCK DEV,,gross misdemeanor,public order,,46.20.740,http://app.leg.wa.gov/rcw/default.aspx?cite=46.20.740,,,,,
pierce,ORGANIZED RETAIL THEFT 1,,class B felony,property,,9A.56.350,https://app.leg.wa.gov/rcw/default.aspx?cite=9A.56.350,,,,,
pierce,ORGANIZED RETAIL THEFT 2 ND,,class C felony,property,,9A.56.350,https://app.leg.wa.gov/rcw/default.aspx?cite=9A.56.350,,,,,
pierce,OWN DOG THAT ATTACKS,,gross misdemeanor,public order,,16.08.100,http://app.leg.wa.gov/RCW/default.aspx?cite=16.08.100,,,,,
pierce,PARKS - TRESPASS,,misdemeanor,public order,,,,,,,,
pierce,PATRONIZE PROST,,misdemeanor,public order,,9A.88.110,https://app.leg.wa.gov/rcw/default.aspx?cite=9A.88.110,,,,,
pierce,PED/VEH OBS TRAFFIC,,misdemeanor,public order,illegal but charge not specified,46.61.570,https://app.leg.wa.gov/rcw/default.aspx?cite=46.61.570,,,,,
pierce,PEDDLING/SOLICIT W/O LICENSE,,misdemeanor,property,,36.71.060,https://app.leg.wa.gov/rcw/default.aspx?cite=36.71.060,,,,,
pierce,PEDDLING/SOLICT W/O LICENSE,,misdemeanor,property,,36.71.060,https://app.leg.wa.gov/rcw/default.aspx?cite=36.71.060,,,,,
pierce,PEDESTRIAN INTERF,,misdemeanor,public order,Oddly anti-homeless?Seems to be a Seattle ordinance ,http://www.codepublishing.com/WA/UniversityPlace/html/UniversityPlace09/UniversityPlace0955.html,http://www.codepublishing.com/WA/UniversityPlace/html/UniversityPlace09/UniversityPlace0955.html,,,,,
pierce,PERJURY,,class B/C felony,public order,class of felony depends on 1/2nd degree,9A.72.020,http://app.leg.wa.gov/RCW/default.aspx?cite=9A.72.020,,,,,http://app.leg.wa.gov/RCW/default.aspx?cite=9A.72.030
pierce,PETTY THEFT,,misdemeanor,property,"theft in 3rd degree is considered ""petty theft"" according to the internet",9A.56.050,http://apps.leg.wa.gov/RCW/default.aspx?cite=9A.56.050,,,,,
pierce,PETTY THEFT /DV,,misdemeanor,property,"theft in 3rd degree is considered ""petty theft"" according to the internet",9A.56.050,http://apps.leg.wa.gov/RCW/default.aspx?cite=9A.56.050,,,,,
pierce,PHON HARASS /DV,,class C felony,public order,"RCW says with prior charges/no contact order against victim it becomes class C felony, assume if its related to DV it would trigger felony charge ",9.61.230,http://app.leg.wa.gov/rcw/default.aspx?cite=9.61.230,,,,,
pierce,PHONE HARAS /DV,,class C felony,public order,,9.61.230,http://app.leg.wa.gov/rcw/default.aspx?cite=9.61.230,,,,,
pierce,PHONE HARASS -NON DV,,gross misdemeanor,public order,,9.61.230,http://app.leg.wa.gov/rcw/default.aspx?cite=9.61.230,,,,,
pierce,PHONE HARASSMENT,,gross misdemeanor,public order,,9.61.230,http://app.leg.wa.gov/rcw/default.aspx?cite=9.61.230,,,,,
pierce,PHYS CNTRL W/ PRIOR CONVICTION,,class C felony,public order,prior convicitons elevate charge to felony ,http://app.leg.wa.gov/rcw/supdefault.aspx?cite=46.61.504,http://app.leg.wa.gov/rcw/supdefault.aspx?cite=46.61.504,,,,,
pierce,PHYS CONTROL,,gross misdemeanor,public order,,http://app.leg.wa.gov/rcw/supdefault.aspx?cite=46.61.504,http://app.leg.wa.gov/rcw/supdefault.aspx?cite=46.61.504,,,,,
pierce,PHYS CTRL W/ PRIOR CONVICTION,,class C felony,public order,,http://app.leg.wa.gov/rcw/supdefault.aspx?cite=46.61.504,http://app.leg.wa.gov/rcw/supdefault.aspx?cite=46.61.504,,,,,
pierce,PHYSICAL CNTRL,,gross misdemeanor,public order,,http://app.leg.wa.gov/rcw/supdefault.aspx?cite=46.61.504,http://app.leg.wa.gov/rcw/supdefault.aspx?cite=46.61.504,,,,,
pierce,POS WPN CAUSE HARM,,class C felony,violent,,9.41.040,http://app.leg.wa.gov/rcw/default.aspx?cite=9.41.040,,,,,
pierce,POSS ANOTHER'S ID,,gross misdemeanor,public order,,9A.56.330,https://app.leg.wa.gov/rcw/default.aspx?cite=9A.56.330,,,,,
pierce,POSS BURG TOOL,,gross misdemeanor,property,,9A.52.060,https://app.leg.wa.gov/rcw/default.aspx?cite=9A.52.060,,,,,
pierce,POSS BURG TOOLS,,gross misdemeanor,property,,9A.52.060,https://app.leg.wa.gov/rcw/default.aspx?cite=9A.52.060,,,,,
pierce,POSS DANG WEAPON,,gross misdemeanor,public order,,9.41.250,http://app.leg.wa.gov/RCW/default.aspx?cite=9.41.250,,,,,
pierce,POSS DANGEROUS WPN,,gross misdemeanor,public order,,9.41.250,http://app.leg.wa.gov/RCW/default.aspx?cite=9.41.250,,,,,
pierce,POSS DEP MIN ENG SEX EXP CONDUCT,,class B felony,sex,,9.68A.070,https://app.leg.wa.gov/rcw/default.aspx?cite=9.68A.070,,,,,
pierce,POSS FICT/ALT LIC,,gross misdemeanor,public order,can be class C felony if done to commit theft or for financial gain ,46.20.0921,https://app.leg.wa.gov/rcw/default.aspx?cite=46.20.0921,,,,,
pierce,POSS INCENDIARY DEV,,class B felony,public order,,9.40.120,https://app.leg.wa.gov/rcw/default.aspx?cite=9.40.120,,,,,
pierce,POSS INJ DEVICE,,misdemeanor,drug,covered under paraphanelia ,69.50.412,https://app.leg.wa.gov/rcw/default.aspx?cite=69.50.412,,,,,
pierce,POSS INJECTION DEVICE,,misdemeanor,drug,,69.50.412,https://app.leg.wa.gov/rcw/default.aspx?cite=69.50.412,,,,,
pierce,POSS LEG. DRUG/PROHIBITED ACT,,misdemeanor,drug,,69.41.030,http://app.leg.wa.gov/rcw/default.aspx?cite=69.41.030,,,,,
pierce,POSS LEGEND DRUG/INTENT TO SELL,,class B felony,drug,,69.41.030,http://app.leg.wa.gov/rcw/default.aspx?cite=69.41.030,,,,,
pierce,POSS LGND DRUG-NO PRESCRIPTION,,misdemeanor,drug,,69.41.030,http://app.leg.wa.gov/rcw/default.aspx?cite=69.41.030,,,,,
pierce,POSS MARIJUANA - 40 GRAMS OR LESS,,misdemeanor,drug,,69.50.4014,https://app.leg.wa.gov/rcw/default.aspx?cite=69.50.4014,,,,,
pierce,POSS OF A STOLEN FIREARM,,class B felony,property,,9A.56.310,https://app.leg.wa.gov/rcw/default.aspx?cite=9A.56.310,,,,,
pierce,POSS OF EXPLOSIVES W/O LICENSE,,class C felony,public order,,70.74.022,https://app.leg.wa.gov/rcw/default.aspx?cite=70.74.022,,,,,
pierce,POSS PSEUDOEPHEDRINE 15 + GRAMS,,gross misdemeanor,drug,,,,,,,,
pierce,POSS SUSP DRV LIC,,other,public order,,46.20.338,https://app.leg.wa.gov/rcw/default.aspx?cite=46.20.338,,,,,
pierce,POSS UNLAWFUL FIREARM,,class C felony,public order,class of felony depends on 1st or 2nd degree,9.41.040,http://app.leg.wa.gov/rcw/default.aspx?cite=9.41.040,,,,,
pierce,POSS WEAP ON SCHOOL PROP,,gross misdemeanor,public order,,9.41.280,http://app.leg.wa.gov/rcw/default.aspx?cite=9.41.280,,,,,
pierce,POSS. MOTOR VEHICLE  THEFT TOOLS,,gross misdemeanor,property,,9A.56.063,https://app.leg.wa.gov/rcw/default.aspx?cite=9A.56.063,,,,,
pierce,POSSESION BY OFFENDERS - F/A AMMO,,unknown,public order,"unlawful but not specified what charge, up to parole officers on how to proceed or file new charge ",9.41.045,http://app.leg.wa.gov/rcw/default.aspx?cite=9.41.045,,,,,
pierce,POSSESS CNTRL SUBS-PENALTY,,class C felony,drug,,69.50.4013,http://app.leg.wa.gov/rcw/default.aspx?cite=69.50.4013,,,,,
pierce,POSSESS COUNTERFEIT SUBSTANCE,,class C felony,property,,69.50.4011,https://app.leg.wa.gov/rcw/default.aspx?cite=69.50.4011,,,,,
pierce,POSSESS DRUG PARAPHERNALIA,,misdemeanor,drug,,69.50.412,https://app.leg.wa.gov/rcw/default.aspx?cite=69.50.412,,,,,
pierce,POSSESS EXPLOSIVE/STINK BOMBS,,misdemeanor,public order,"the stink bombs makes a big difference, standard explosives are class A felony ",70.74.310,https://app.leg.wa.gov/rcw/default.aspx?cite=70.74.310,,,,,
pierce,POSSESS FICT/ALTERED LICENSE,,gross misdemeanor,public order,can be class C felony if done to commit theft or for financial gain ,46.20.0921,https://app.leg.wa.gov/rcw/default.aspx?cite=46.20.0921,,,,,
pierce,POSSESS INHALANT,,misdemeanor,drug,,9.47A#9.47A.030,https://app.leg.wa.gov/rcw/default.aspx?cite=9.47A&full=true#9.47A.030,,,,,
pierce,POSSESS PISTOL BY PERS AGE 18 T0 21,,misdemeanor,public order,"unlawful but charge not specified, could be the same as possession of unlawful firearm ",9.41.240,http://app.leg.wa.gov/rcw/default.aspx?cite=9.41.240,,,,,
pierce,POSSESS STOLEN VEHICLE,,class B felony,property,,9a.56.068,http://app.leg.wa.gov/RCW/default.aspx?cite=9a.56.068,,,,,
pierce,POSSESSION LOADED FIREARM,,misdemeanor,public order,,9.41.050,http://app.leg.wa.gov/rcw/default.aspx?cite=9.41.050,,,,,
pierce,POSSESSION OF DANGEROUS WEAPON,,gross misdemeanor,public order,,9.41.250,http://app.leg.wa.gov/RCW/default.aspx?cite=9.41.250,,,,,
pierce,POSSESSION OF STOLEN MAIL,,class C felony,property,,9A.56.380,https://app.leg.wa.gov/rcw/default.aspx?cite=9A.56.380,,,,,
pierce,POSSESSION OF UNLAWFUL FIREARMS,,class B/C felony,public order,class of felony depends on 1st or 2nd degree,9.41.040,http://app.leg.wa.gov/rcw/default.aspx?cite=9.41.040,,,,,
pierce,POTENTIALLLY DANGEROUS DOG -NOTIFY,,gross misdemeanor,public order, might not be the right crime but it seems like anything related to failure to register potentially dangerous dog is a gross misdemeanor,16.08.100,https://app.leg.wa.gov/rcw/default.aspx?cite=16.08.100,,,,,https://app.leg.wa.gov/rcw/default.aspx?cite=16.08.090
pierce,PRESC FORGERY,,class C felony,public order,,69.50.403,https://app.leg.wa.gov/rcw/default.aspx?cite=69.50.403,,,,,
pierce,PRISONER POSS CS,,class C felony,drug,,9.94.041,http://app.leg.wa.gov/rcw/default.aspx?Cite=9.94.041,,,,,
pierce,PROB VIOL (PROST),,other,public order,"seems like it they would be charged with the new crime, whatever it be, and then a parole violation is separate and up to the PO's discretion ",9.94A.737,http://app.leg.wa.gov/rcw/default.aspx?cite=9.94A.737,,,,,
pierce,PROBAT HLD,,other,other,,,,,,,,
pierce,PROM PROST 1,,class B felony,sex,,9A.88.070,https://app.leg.wa.gov/rcw/default.aspx?cite=9A.88.070,,,,,
pierce,PROM PROST 2,,class C felony,sex,,9A.88.080,https://app.leg.wa.gov/rcw/default.aspx?cite=9A.88.080,,,,,
pierce,PROMOTING SEXUAL ABUSE OF A MINOR,,class A felony,sex,"RCW charge includes word ""commerical"" that is absent in the listed charge ",9.68A.101,https://app.leg.wa.gov/rcw/default.aspx?cite=9.68A.101,,,,,
pierce,PROST,,misdemeanor,sex,,9A.88.030,https://app.leg.wa.gov/rcw/default.aspx?cite=9A.88.030,,,,,
pierce,PROSTITUTION,,misdemeanor,sex,,9A.88.030,https://app.leg.wa.gov/rcw/default.aspx?cite=9A.88.030,,,,,
pierce,PROVIDE FALSE PROOF OF INSURANCE,,misdemeanor,public order,,46.30.040,https://app.leg.wa.gov/rcw/default.aspx?cite=46.30.040,,,,,
pierce,PSP,,gross misdemeanor/class B felony,property,see PSP charges above,,,,,,,
pierce,PSP 1,,class B felony,property,PSP=possession stolen property ,9A.56.150,http://app.leg.wa.gov/rcw/default.aspx?cite=9A.56.150,,,,,
pierce,PSP 2,,class C felony,property,,9A.56.160,http://app.leg.wa.gov/rcw/default.aspx?cite=9A.56.160,,,,,
pierce,PSP 3,,gross misdemeanor,property,,9A.56.170,https://app.leg.wa.gov/rcw/default.aspx?cite=9A.56.170,,,,,
pierce,PUB DIST-BLDG/APARTMENT,,misdemeanor,public order,,,,,,,,
pierce,PUB DIST-VEH SND SYS,,misdemeanor,public order,,,,,,,,
pierce,PUB DIST/NOISE,,misdemeanor,public order,,,,,,,,
pierce,PUB INDECENCY,,misdemeanor,sex,,9A.88.010,,,,,,
pierce,PUB NUIS,,misdemeanor,public order,,,,,,,,
pierce,PUBLIC DISTURBANCE,,gross misdemeanor,public order,"actually a number of other specific crimes that range in severity, see source ",9A.84,https://app.leg.wa.gov/rcw/default.aspx?cite=9A.84&full=true,,,,,
pierce,RACING,,gross misdemeanor,public order,considered reckless driving,46.61.530,https://app.leg.wa.gov/rcw/default.aspx?cite=46.61.530,,,,,http://app.leg.wa.gov/RCW/default.aspx?cite=46.61.500
pierce,RAPE 1,,class A felony,sex,,9A.44.040,https://app.leg.wa.gov/rcw/default.aspx?cite=9A.44.040,,,,,
pierce,RAPE 2,,class A felony,sex,,9A.44.050,https://app.leg.wa.gov/rcw/default.aspx?cite=9A.44.050,,,,,
pierce,RAPE 3,,class C felony,sex,,9A.44.060,https://app.leg.wa.gov/rcw/default.aspx?cite=9A.44.060,,,,,
pierce,REC/POSSESS STOLEN PROP,,class B felony,property,,9A.56.150,,,,,,
pierce,RECK BURN 1,,class C felony,property,,9A.48.040,https://app.leg.wa.gov/rcw/default.aspx?cite=9A.48.040,,,,,
pierce,RECK BURN 2,,gross misdemeanor,property,,9A.48.050,https://app.leg.wa.gov/rcw/default.aspx?cite=9A.48.050,,,,,
pierce,RECK DRV,,gross misdemeanor,public order,,46.61.500,http://app.leg.wa.gov/RCW/default.aspx?cite=46.61.500,,,,,
pierce,RECK ENDAN /DV,,gross misdemeanor,public order,,9a.36.050,http://app.leg.wa.gov/RCW/default.aspx?cite=9a.36.050,,,,,
pierce,RECK ENDANG /DV,,gross misdemeanor,public order,,9a.36.050,http://app.leg.wa.gov/RCW/default.aspx?cite=9a.36.050,,,,,
pierce,RECK ENDANGER,,gross misdemeanor,public order,,9a.36.050,http://app.leg.wa.gov/RCW/default.aspx?cite=9a.36.050,,,,,
pierce,RECK ENDANGERMENT,,gross misdemeanor,public order,,9a.36.050,http://app.leg.wa.gov/RCW/default.aspx?cite=9a.36.050,,,,,
pierce,RECK. ENDANG / DV,,gross misdemeanor,public order,,9a.36.050,http://app.leg.wa.gov/RCW/default.aspx?cite=9a.36.050,,,,,
pierce,RECKLES ENDANGER OF HI-WAY WORKER,,gross misdemeanor,public order,don't know why they needed a new crime just for these ,46.61.527,https://app.leg.wa.gov/rcw/default.aspx?cite=46.61.527,,,,,
pierce,Reckless Burning,,class C felony,property,,9A.48.050,https://app.leg.wa.gov/rcw/default.aspx?cite=9A.48.050,,,,,
pierce,RECKLESS BURNING  2 ND DEGREE,,gross misdemeanor,property,,9A.48.050,https://app.leg.wa.gov/rcw/default.aspx?cite=9A.48.050,,,,,
pierce,RECKLESS BURNING 2ND DEGREE,,gross misdemeanor,property,,9A.48.050,https://app.leg.wa.gov/rcw/default.aspx?cite=9A.48.050,,,,,
pierce,RECKLESS BURNING- 2,,gross misdemeanor,property,,9A.48.050,https://app.leg.wa.gov/rcw/default.aspx?cite=9A.48.050,,,,,
pierce,RECKLESS ENDANGERMENT,,gross misdemeanor,public order,,9a.36.050,http://app.leg.wa.gov/RCW/default.aspx?cite=9a.36.050,,,,,
pierce,RECREATIONAL FISHING 1ST DEGREEE,,gross misdemeanor,public order,,77.15.370,http://app.leg.wa.gov/RCW/default.aspx?Cite=77.15.370,,,,,
pierce,RECREATIONAL FISHING 2ND DEGREE,,gross misdemeanor,public order,,77.15.380,https://app.leg.wa.gov/rcw/default.aspx?cite=77.15.380,,,,,
pierce,REFUSE INFO,,misdemeanor,public order,,46.61.020,https://app.leg.wa.gov/rcw/default.aspx?cite=46.61.020,,,,,
pierce,REFUSE TO GIVE INFO/COOPERATE W/0,,misdemeanor,public order,,46.61.020,https://app.leg.wa.gov/rcw/default.aspx?cite=46.61.020,,,,,
pierce,REND CRIM ASSIST 2,,misdemeanor,public order,,9A.76.080,https://app.leg.wa.gov/rcw/default.aspx?cite=9A.76.080,,,,,
pierce,REND CRIM ASSIST 3,,misdemeanor,public order,,9A.76.090,https://app.leg.wa.gov/rcw/default.aspx?cite=9A.76.090,,,,,
pierce,REND CRIM ASST 1,,class B felony,public order,,9A.76.070,https://app.leg.wa.gov/rcw/default.aspx?cite=9A.76.070,,,,,
pierce,RES BURGLARY,,class B felony,property,,9A.52.025,https://app.leg.wa.gov/rcw/default.aspx?cite=9A.52.025,,,,,
pierce,RESIS ARR,,misdemeanor,public order,,9A.76.040,http://apps.leg.wa.gov/rcw/default.aspx?cite=9A.76.040,,,,,
pierce,RESIST ARR,,misdemeanor,public order,,9A.76.040,http://apps.leg.wa.gov/rcw/default.aspx?cite=9A.76.040,,,,,
pierce,RESIST ARR /DV,,misdemeanor,public order,,9A.76.040,http://apps.leg.wa.gov/rcw/default.aspx?cite=9A.76.040,,,,,
pierce,RESTRICTED/OCCUPATIONAL DR LIC,,gross misdemeanor,public order,,46.20.342,,,,,,
pierce,RETAIL THFT W/EXT CIRCUMSTANCES 1,,class B felony,property,,9A.56.360,https://app.leg.wa.gov/rcw/default.aspx?cite=9A.56.360,,,,,
pierce,RETAIL THFT W/EXT CIRCUMSTANCES 2,,class C felony,property,,9A.56.360,https://app.leg.wa.gov/rcw/default.aspx?cite=9A.56.360,,,,,
pierce,RETAIL THFT W/EXT CIRCUMSTANCES 3,,class C felony,property,,9A.56.360,https://app.leg.wa.gov/rcw/default.aspx?cite=9A.56.360,,,,,
pierce,RIOT-ARMED,,class C felony,violent,"I think it would be considered criminal mischief with deadly weapon, no rcw for rioting renders a charge ",9A.84.010,https://app.leg.wa.gov/rcw/default.aspx?cite=9A.84.010,,,,,
pierce,ROBBERY 1,,class A felony,violent,categorized as violent due to robbery's requirement of force and intimidation,9A.56.200,https://app.leg.wa.gov/rcw/default.aspx?cite=9A.56.200,,,,,
pierce,ROBBERY 2,,class B felony,violent,,9A.56.210,https://app.leg.wa.gov/rcw/default.aspx?cite=9A.56.210,,,,,
pierce,SELLING MTV. W/TURNED BACK ODOM,,misdemeanor,public order,considered unlawful but charge not specified ,46.37.550,http://apps.leg.wa.gov/RCW/default.aspx?cite=46.37.550,,,,,
pierce,SEX EXPLICIT MAT DISPLAY,,misdemeanor,public order,,9.68.130,,,,,,
pierce,SEX EXPLOIT MINOR,,class B felony,sex,,9.68A.040,https://app.leg.wa.gov/rcw/default.aspx?cite=9.68A.040,,,,,
pierce,SEX OFFENDER / NON FELON FAIL REG.,,gross misdemeanor,public order,,9A.44.132,http://app.leg.wa.gov/rcw/default.aspx?cite=9A.44.132,,,,,
pierce,SEX VIOL PRED,,other,other,"I think this is a label on an inmate, Sexually Violent Predator, not a charge ",http://app.leg.wa.gov/rcw/supdefault.aspx?cite=71.09,http://app.leg.wa.gov/rcw/supdefault.aspx?cite=71.09&full=true,,,,,
pierce,SEX/KIDNAP OFFNDR FAIL TO REGISTER,,class C felony,public order,,9A.44.132,http://app.leg.wa.gov/rcw/default.aspx?cite=9A.44.132,,,,,
pierce,SEXUAL ASSAULT,,unknown,sex,doesn't appear to be a charge in WA called sexual assault ,9a.44,http://app.leg.wa.gov/rcw/default.aspx?cite=9a.44,,,,,
pierce,SEXUAL MISC W/A MINOR 2,,gross misdemeanor,sex,,9A.44.096,,,,,,
pierce,SODA VIOL,,gross misdemeanor,drug,"Marysville statute, SODA=Stay Out of Drugs Area ",http://www.codepublishing.com/WA/Marysville/html/Marysville06/Marysville0628.html,http://www.codepublishing.com/WA/Marysville/html/Marysville06/Marysville0628.html,,,,,
pierce,SOL OCCUPANT OF VEH PUB ROAD,,misdemeanor,public order,unlawful but no charge specified,46.61.255,http://app.leg.wa.gov/RCW/default.aspx?cite=46.61.255,,,,,
pierce,SOL OCCUPANTS OF VEH PUB ROAD,,misdemeanor,public order,unlawful but no charge specified,46.61.255,http://app.leg.wa.gov/RCW/default.aspx?cite=46.61.255,,,,,
pierce,SOL PROST,,misdemeanor,public order,,9A.88.110,https://app.leg.wa.gov/rcw/default.aspx?cite=9A.88.110,,,,,
pierce,SOLICIT DEL CONTR SUB,,class C felony,drug,,69.50.4015,,,,,,
pierce,SOLICITATION PROHIBITED AREAS/LOCATIO,,misdemeanor,public order,,,,,,,,
pierce,STALKING,,gross misdemeanor,public order,,9A.46.110,http://apps.leg.wa.gov/RCW/default.aspx?cite=9A.46.110,,,,,
pierce,STATUTORY RAPE 3,,unknown,sex,"doesn't seem to be a stat rape 3 charge in WA, though there are ones relating to sexual misconduct with minors ",,,,,,,
pierce,SUPP LIQ MINOR,,gross misdemeanor,public order,,66.44.270,http://apps.leg.wa.gov/rcw/default.aspx?cite=66.44.270,,,,,
pierce,SUSPENDED VEHICLE REGISTRATION,,civil infraction,public order,,46.16A.030,http://app.leg.wa.gov/rcw/default.aspx?cite=46.16A.030,,,,,
pierce,SWITCHED LICENSE PLATES,,civil infraction,public order,"its a traffic violation to display improper liscense plates, and considered unlawful to switch plates but I can't find any charges ",46.16A.200,http://app.leg.wa.gov/rcw/default.aspx?cite=46.16A.200,,,,,
pierce,TAMP WITNESS,,class C felony,public order,,9A.72.120,https://app.leg.wa.gov/rcw/default.aspx?cite=9A.72.120,,,,,
pierce,TAMPER WITH FIRE ALARM (F),,misdemeanor,property,,9.40.100,https://app.leg.wa.gov/rcw/default.aspx?cite=9.40.100,,,,,
pierce,TAMPERING W/ IGN. INTERLOCK DEVICE,,gross misdemeanor,public order,,46.20.750,http://app.leg.wa.gov/rcw/default.aspx?cite=46.20.750,,,,,
pierce,TAMPERING W/PHYSICAL EVIDENCE,,gross misdemeanor,public order,,9A.72.150,https://app.leg.wa.gov/rcw/default.aspx?cite=9A.72.150,,,,,
pierce,TAMPERING WITH FIRE ALARM,,misdemeanor,property,,9.40.100,https://app.leg.wa.gov/rcw/default.aspx?cite=9.40.100,,,,,
pierce,TELEPHONE HARASSMENT,,gross misdemeanor,public order,,9.61.230,http://app.leg.wa.gov/rcw/default.aspx?cite=9.61.230,,,,,
pierce,THEFT 1,,class B felony,property,,9a.56.030,http://app.leg.wa.gov/rcw/default.aspx?cite=9a.56.030,,,,,
pierce,THEFT 2,,class C felony,property,,9A.56.040.1A,http://app.leg.wa.gov/RCW/default.aspx?cite=9A.56.040.1A,,,,,
pierce,THEFT 3,,gross misdemeanor,property,,9A.56.050,http://apps.leg.wa.gov/RCW/default.aspx?cite=9A.56.050,,,,,
pierce,THEFT 3  /DV,,gross misdemeanor,property,,9A.56.050,http://apps.leg.wa.gov/RCW/default.aspx?cite=9A.56.050,,,,,
pierce,THEFT 3RD,,gross misdemeanor,property,,9A.56.050,http://apps.leg.wa.gov/RCW/default.aspx?cite=9A.56.050,,,,,
pierce,THEFT FROM VULNERABLE ADULT 1,,class B felony,property,,9A.56.400,https://app.leg.wa.gov/rcw/default.aspx?cite=9A.56.400,,,,,
pierce,THEFT LIVESTCK,,class B/C felony,property,felony class depends on charge,9A.56.080,https://app.leg.wa.gov/rcw/default.aspx?cite=9A.56.080,,,,,https://app.leg.wa.gov/rcw/default.aspx?cite=9A.56.083
pierce,THEFT MTR VEH FUEL,,gross misdemeanor ,property,,46.61.740,https://app.leg.wa.gov/rcw/default.aspx?cite=46.61.740,,,,,
pierce,THEFT OF MV,,class B felony,property,,9A.56.065,https://app.leg.wa.gov/rcw/default.aspx?cite=9A.56.065,,,,,
pierce,THEFT RENTAL PROP <750,,gross misdemeanor,property,can increase in charge severtiy with value of property increasing ,9A.56.096,http://apps.leg.wa.gov/rcw/default.aspx?cite=9A.56.096,,,,,
pierce,THEFT W/INTENT RESELL 1,,class B felony,property,,9A.56.340,https://app.leg.wa.gov/rcw/default.aspx?cite=9A.56.340,,,,,
pierce,THEFT W/INTENT RESELL 2,,class C felony,property,,9A.56.340,https://app.leg.wa.gov/rcw/default.aspx?cite=9A.56.340,,,,,
pierce,THEFT W/INTENT TO RESELL 3,,class C felony,property,RCW only specifies 1st and 2nd degree,9A.56.340,https://app.leg.wa.gov/rcw/default.aspx?cite=9A.56.340,,,,,
pierce,THFT OF FIREARM (B),,class B felony,property,,9A.56.300,https://app.leg.wa.gov/rcw/default.aspx?cite=9A.56.300,,,,,
pierce,THFT RENT/LEAS PROP,,gross misdemeanor,property,can increase in charge severtiy with value of property increasing ,9A.56.096,http://apps.leg.wa.gov/rcw/default.aspx?cite=9A.56.096,,,,,
pierce,THREAT BODILY INJ/DV,,gross misdemeanor,violent ,considered harrassment,9a.46.020,http://apps.leg.wa.gov/RCW/default.aspx?cite=9a.46.020,,,,,
pierce,THREAT TO BOMB OR INJURE PROPERTY,,class B felony,property,,9.61.160,http://app.leg.wa.gov/rcw/default.aspx?cite=9.61.160,,,,,
pierce,THREATENED BODILY INJURY-NON DV,,gross misdemeanor,violent ,considered harrassment,9a.46.020,http://apps.leg.wa.gov/RCW/default.aspx?cite=9a.46.020,,,,,
pierce,THREATENED PROPERTY DAMAGE DV,,gross misdemeanor,violent ,considered harrassment,9a.46.020,http://apps.leg.wa.gov/RCW/default.aspx?cite=9a.46.020,,,,,
pierce,THREATS TO DO HARM,,gross misdemeanor,violent ,considered harrassment,9a.46.020,http://apps.leg.wa.gov/RCW/default.aspx?cite=9a.46.020,,,,,
pierce,THREATS TO HARM-DV,,gross misdemeanor,violent ,considered harrassment,9a.46.020,http://apps.leg.wa.gov/RCW/default.aspx?cite=9a.46.020,,,,,
pierce,TMVWOP 1,,class B felony,property,TMWWOP=Taking Motor Vehicle WithOut Permission,9A.56.070,https://app.leg.wa.gov/rcw/default.aspx?cite=9A.56.070,,,,,
pierce,TMVWOP 2,,class C felony,property,,9A.56.075,https://app.leg.wa.gov/rcw/default.aspx?cite=9A.56.075,,,,,
pierce,TRAFFICKING STOL PROP 1,,class B felony,property,,9A.82.050,https://app.leg.wa.gov/rcw/default.aspx?cite=9A.82.050,,,,,
pierce,TRAFFICKING STOL PROP 2,,class C felony,property,,9A.82.055,https://app.leg.wa.gov/rcw/default.aspx?cite=9A.82.055,,,,,
pierce,TRANS-CONS/INTOX,,misdemeanor,drug,I think this is consuming intoxicants on transit but am unsure ,9.91#9.91.025,http://app.leg.wa.gov/rcw/default.aspx?cite=9.91&full=true#9.91.025,,,,,
pierce,TRANSIT-SMOKING,,misdemeanor,public order,,9.91#9.91.025,http://app.leg.wa.gov/rcw/default.aspx?cite=9.91&full=true#9.91.025,,,,,
pierce,TRESP PUB,,misdemeanor,public order,trespassing public is not a charge in RCW,,,,,,,
pierce,TRESPASS 2,,misdemeanor,property,,9A.52.080,https://app.leg.wa.gov/rcw/default.aspx?cite=9A.52.080,,,,,
pierce,UIBC,,gross misdemeanor/class C felony,property,charge severity depends on amount check is worth UIBC=unlawful issuance of bank check ,9A.56.060,http://app.leg.wa.gov/rcw/default.aspx?cite=9A.56.060,,,,,
pierce,UICD,,unknown,other,,,,,,,,
pierce,UMCS,,class C felony,drug,UMCS=unlawful manufacturing of controlled substance,69.50.401,http://app.leg.wa.gov/rcw/default.aspx?cite=69.50.401,,,,,
pierce,UNL ACT - DRUG,,unknown,other,,,,,,,,
pierce,UNL POS AMM W/I MAN METH,,class C felony,drug,"Unlawful Possession of Ammonia with inention of manufacturing meth, I assume this is also covered by unlawful manufacture but I am unsure ",69.50.401,http://app.leg.wa.gov/rcw/default.aspx?cite=69.50.401,,,,,
pierce,UNL POS EPH W/I MAN METH,,class B felony,drug,,69.50.440,http://app.leg.wa.gov/RCW/default.aspx?cite=69.50.440,,,,,
pierce,UNL POS ID CARD,,class C felony,public order,,9A.56.320,https://app.leg.wa.gov/rcw/default.aspx?cite=9A.56.320,,,,,
pierce,UNL POSS FICT ID,,class C felony,public order,,9A.56.320,https://app.leg.wa.gov/rcw/default.aspx?cite=9A.56.320,,,,,
pierce,UNL POSS FIREARM 1,,class B felony,public order,,9.41.040,http://app.leg.wa.gov/rcw/default.aspx?cite=9.41.040,,,,,
pierce,UNL POSS FIREARM 2,,class C felony,public order,,9.41.040,http://app.leg.wa.gov/rcw/default.aspx?cite=9.41.040,,,,,
pierce,UNL PROD PAYMENT INSTR,,class C felony,public order,unlawful production of payment instructions returns no results ,,,,,,,
pierce,UNL SOL TO POSS CONT SUB,,class C felony,public order,solicitation not mentioned in controlled substances act ,69.50.401,http://app.leg.wa.gov/rcw/default.aspx?cite=69.50.401,,,,,
pierce,UNL TRANSIT COND,,misdemeanor,public order,,9.91.025,http://app.leg.wa.gov/rcw/default.aspx?cite=9.91.025,,,,,
pierce,UNL USE FIREARM BY MINOR,,unknown,public order,unlawful possession specified but not unlawful use ,,,,,,,
pierce,UNL. HARBORING RUNAWAY,,gross misdemeanor,public order,,13.32A.080,,,,,,
pierce,UNLAW DEL CS,,class C felony,drug ,,69.50.401,http://app.leg.wa.gov/rcw/default.aspx?cite=69.50.401,,,,,
pierce,UNLAW DEL SUBS IN LIEU OF CNTRL SUBS,,class C felony,drug ,,69.50.4012,,,,,,
pierce,UNLAW IMPRISON,,class C felony,violent,,9A.40.040,https://app.leg.wa.gov/rcw/default.aspx?cite=9A.40.040,,,,,
pierce,UNLAW POS PAY INSTR,,class C felony,public order,,9A.56.320,https://app.leg.wa.gov/rcw/default.aspx?cite=9A.56.320,,,,,
pierce,UNLAW POSS PERSONAL IDENT DEVICE,,class C felony,public order,,9A.56.320,https://app.leg.wa.gov/rcw/default.aspx?cite=9A.56.320,,,,,
pierce,UNLAW SALE CS,,class C felony,drug ,,69.50.401,http://app.leg.wa.gov/rcw/default.aspx?cite=69.50.401,,,,,
pierce,UNLAWFUL BUS CONDUCT,,misdemeanor,public order,,9.91.025,http://app.leg.wa.gov/rcw/default.aspx?cite=9.91.025,,,,,
pierce,Unlawful Camping,,civil infraction,public order,,http://apps.leg.wa.gov/wac/default.aspx?cite=352-32-030,http://apps.leg.wa.gov/wac/default.aspx?cite=352-32-030,,,,,
pierce,UNLAWFUL FIREARMS/PARTS CONTRABAN,,misdemeanor,public order,,,,,,,,
pierce,UNLAWFUL INHALATION,,misdemeanor,drug ,,9.47A.050,http://app.leg.wa.gov/RCW/default.aspx?cite=9.47A.050,,,,,
pierce,"UNLAWFUL MAN,  SALE/OFFER SELL EXPLO",,class C felony,public order,,70.74.022,https://app.leg.wa.gov/rcw/default.aspx?cite=70.74.022,,,,,
pierce,"UNLAWFUL MAN, SALE/OFFER SELL EXPLO",,class C felony,public order,,70.74.022,https://app.leg.wa.gov/rcw/default.aspx?cite=70.74.022,,,,,
pierce,UNLAWFUL TRAFFICKING WILDLIFE 2ND,,class C felony,public order,,77.15.260,,,,,,
pierce,UNLAWFUL USE OF A FORTIFED BLDG,,class C felony,drug,,69.53.030,http://app.leg.wa.gov/rcw/default.aspx?cite=69.53.030,,,,,
pierce,UPCS,,class C felony,drug,,69.50.401,http://app.leg.wa.gov/rcw/default.aspx?cite=69.50.401,,,,,
pierce,UPCS (MJ) NON,,unknown,drug,"unclear as to MJ, if it is marijuana it depends on the gram amount",,,,,,,
pierce,UPCS (MJ) PERS,,unknown,drug,"unclear as to MJ, if it is marijuana it depends on the gram ",,,,,,,
pierce,UPCS BY PERSON NOT A PRISONER,,class C felony,drug,don't know why this is specified ,69.50.401,http://app.leg.wa.gov/rcw/default.aspx?cite=69.50.401,,,,,
pierce,UPCS LEGEND W/O PRESCRIPTION,,misdemeanor,drug,,69.41.030,http://app.leg.wa.gov/rcw/default.aspx?cite=69.41.030,,,,,
pierce,UPCS W INTENT,,class C felony,drug,,69.50.401,http://app.leg.wa.gov/rcw/default.aspx?cite=69.50.401,,,,,
pierce,URINATE IN PUBLIC,,civil infraction,public order,,http://www.codepublishing.com/WA/Pacific/html/Pacific09/Pacific0926.html,,,,,,
pierce,URINATING IN PUBLIC,,civil infraction,public order,,http://www.codepublishing.com/WA/Pacific/html/Pacific09/Pacific0926.html,http://www.codepublishing.com/WA/Pacific/html/Pacific09/Pacific0926.html,,,,,
pierce,URINATING IN PUBLIC(SIP),,civil infraction,public order,,http://www.codepublishing.com/WA/Pacific/html/Pacific09/Pacific0926.html,http://www.codepublishing.com/WA/Pacific/html/Pacific09/Pacific0926.html,,,,,
pierce,UU BLDG DRUGS,,class C felony,drug,,69.53.010,http://app.leg.wa.gov/rcw/default.aspx?cite=69.53.010,,,,,
pierce,UUW,,civil infraction,public order,"unlawful use of weapon, unlawful but charge not specified ",7.48.155,http://app.leg.wa.gov/RCW/default.aspx?cite=7.48.155,,,,,
pierce,VEH ASLT,,class B felony,violent,,46.61.522,http://app.leg.wa.gov/rcw/default.aspx?cite=46.61.522,,,,,
pierce,VEH HOMICIDE,,class A felony,violent,,46.61.520,http://app.leg.wa.gov/rcw/default.aspx?cite=46.61.520,,,,,
pierce,VEH OPR -REF COMPLY POLICE,,misdemeanor,public order,,46.61.020,https://app.leg.wa.gov/rcw/default.aspx?cite=46.61.020,,,,,
pierce,VEH OPR-REFUSE COMPLY POLICE,,misdemeanor,public order,,46.61.020,https://app.leg.wa.gov/rcw/default.aspx?cite=46.61.020,,,,,
pierce,VEH PROWL,,class C felony,property,,9a.52.100,http://app.leg.wa.gov/rcw/default.aspx?cite=9a.52.100,,,,,
pierce,VEH/PED INTERFERENCE-OBSTRUCT TR,,misdemeanor,public order,illegal but charge not specified,46.61.570,https://app.leg.wa.gov/rcw/default.aspx?cite=46.61.570,,,,,
pierce,VEHICLE OPR-REFUSE COMPLY POLICE,,misdemeanor,public order,,46.61.020,https://app.leg.wa.gov/rcw/default.aspx?cite=46.61.020,,,,,
pierce,VEHICLE PROWL 2ND,,class C felony,property,,9a.52.100,http://app.leg.wa.gov/rcw/default.aspx?cite=9a.52.100,,,,,
pierce,VEHICLE PROWLING 2ND DEGREE,,class C felony,property,,9a.52.100,http://app.leg.wa.gov/rcw/default.aspx?cite=9a.52.100,,,,,
pierce,VIO ANTI HARRASS,,gross misdemeanor,public order,,26.50.110,http://app.leg.wa.gov/rcw/default.aspx?cite=26.50.110,,,,,
pierce,VIO NC ORD /DV,,gross misdemeanor,public order,,26.50.110,http://app.leg.wa.gov/rcw/default.aspx?cite=26.50.110,,,,,
pierce,VIO NO CONTACT ORDER,,gross misdemeanor,public order,,26.50.110,http://app.leg.wa.gov/rcw/default.aspx?cite=26.50.110,,,,,
pierce,VIO ORDER RESTRICTING CONTACT,,gross misdemeanor,public order,,26.50.110,http://app.leg.wa.gov/rcw/default.aspx?cite=26.50.110,,,,,
pierce,VIO PROT OR /DV,,gross misdemeanor,public order,,26.50.110,http://app.leg.wa.gov/rcw/default.aspx?cite=26.50.110,,,,,
pierce,VIO REST OR /DV,,gross misdemeanor,public order,,26.50.110,http://app.leg.wa.gov/rcw/default.aspx?cite=26.50.110,,,,,
pierce,VIO TRIP PERMIT,,gross misdemeanor,public order,,46.16A.320,http://app.leg.wa.gov/rcw/default.aspx?cite=46.16A.320,,,,,
pierce,VIO. PROT. ORD - NON-DV,,gross misdemeanor,public order,,26.50.110,http://app.leg.wa.gov/rcw/default.aspx?cite=26.50.110,,,,,
pierce,VIOL CIV ANTI-HAR ORDER,,gross misdemeanor,public order,,26.50.110,http://app.leg.wa.gov/rcw/default.aspx?cite=26.50.110,,,,,
pierce,VIOL COUNTY/MUNI CRT ORD,,civil infraction,public order,,,,,,,,
pierce,VIOL COURT ORD /DV,,gross misdemeanor,public order,,26.50.110,http://app.leg.wa.gov/rcw/default.aspx?cite=26.50.110,,,,,
pierce,VIOL DISTRUB CS TO MINOR UNDER 18,,class C felony,public order,assume class C felony as with other controlled substances violations but no specific findings ,69.50.401,http://app.leg.wa.gov/rcw/default.aspx?cite=69.50.401,,,,,
pierce,VIOL FOREIGN PROT ORD,,civil infraction,public order,considered a crime but no charge given,26.52.070,http://app.leg.wa.gov/RCW/default.aspx?cite=26.52.070,,,,,
pierce,VIOL N/C ORDER,,gross misdemeanor,public order,,26.50.110,http://app.leg.wa.gov/rcw/default.aspx?cite=26.50.110,,,,,
pierce,VIOL NARC,,class C felony,drug,not specific,69.50.401,http://app.leg.wa.gov/rcw/default.aspx?cite=69.50.401,,,,,
pierce,VIOL OF SENTENCE/NCO DV,,gross misdemeanor,public order,,26.50.110,http://app.leg.wa.gov/rcw/default.aspx?cite=26.50.110,,,,,
pierce,VIOL PROT ORD,,gross misdemeanor,public order,,26.50.110,http://app.leg.wa.gov/rcw/default.aspx?cite=26.50.110,,,,,
pierce,VIOL PROT ORD - NON DV,,gross misdemeanor,public order,,26.50.110,http://app.leg.wa.gov/rcw/default.aspx?cite=26.50.110,,,,,
pierce,VIOL PROTECTION OR/DV,,gross misdemeanor,public order,,26.50.110,http://app.leg.wa.gov/rcw/default.aspx?cite=26.50.110,,,,,
pierce,VIOLATION OF OCCUPATIONAL LICENSE,,gross misdemeanor,public order,,46.20.342,,,,,,
pierce,VOYEURISM -1 (C),,class C felony,sex,,9A.44.115,http://apps.leg.wa.gov/RCW/default.aspx?cite=9A.44.115,,,,,
pierce,VUCSA CONSPIRACY,,class C felony,drug,assume class C felony as with other UCSA crimes ,69.50.401,http://app.leg.wa.gov/rcw/default.aspx?cite=69.50.401,,,,,
pierce,WEAPONS POSS BY INTOXICATED PERSON,,misdemeanor,public order,,,,,,,,
pierce,WEAPONS POSS- PRISONER CO/LOC INST,,class B felony,public order,,9.94.040,https://app.leg.wa.gov/rcw/default.aspx?cite=9.94.040,,,,,
pierce,WEAPONS POSS-PRISONER STATE INST,,class B felony,public order,,9.94.040,https://app.leg.wa.gov/rcw/default.aspx?cite=9.94.040,,,,,
pierce,WEAPONS PROHIBITED IN CERTAIN PLACE,,gross misdemeanor,public order,,9.41.300,http://app.leg.wa.gov/rcw/default.aspx?cite=9.41.300,,,,,
pierce,WEAPONS-SELL/MAKE/BUY/POSSESS,,unknown,public order,no charge found,9.41.040,http://app.leg.wa.gov/RCW/default.aspx?cite=9.41.040,,,,,
pierce,WEAPONS-UNL CARRY/SELL,,unknown,public order,no charge found ,9.41.040,http://app.leg.wa.gov/RCW/default.aspx?cite=9.41.040,,,,,
pierce,WILLFULLY KILL/BE CRUEL TO ANIMALS,,gross misdemeanor,public order,,9.08.070,,,,,,
